Player,Rating,Average Combat Score,Kills:Deaths,Average Damage Per Round,Headshot %,Clutch Success %,Teams,ACS Percentile,K/D Percentile,ADR Percentile,Headshot Percentile,Average Percentile
10X,1.0,209.9,1.2,135.2,25.8,14.1,HolyMolly,73.8,82.5,69.5,60.2,78.6
1DW,0.7,192.0,0.6,124.3,13.3,0.0,Zeal,54.8,15.8,50.2,1.7,23.8
1NSANE,0.5,158.0,0.6,103.0,16.7,0.0,Cloud Nein,21.5,15.8,18.8,6.6,8.0
1TaPGoD,0.9,193.3,1.0,127.0,29.6,26.0,True Rippers,56.3,60.1,55.0,80.9,67.1
20skid,0.4,124.0,0.4,85.0,27.0,11.0,Dark Circle,6.2,5.1,6.4,67.8,12.7
2RUSH,0.6,175.7,0.7,107.7,16.0,0.0,Neons Ninjas,37.6,22.0,24.2,5.2,13.5
2ge,1.1,192.8,1.2,124.9,25.9,27.5,Rex Regum Qeon,55.6,86.5,51.1,60.8,67.7
3005,1.3,268.0,1.4,176.3,26.0,17.0,DawN,98.6,96.0,99.1,61.7,97.2
3oh1,0.8,197.0,0.8,122.8,28.4,7.8,Agoge Gaming,60.2,31.4,47.2,75.4,53.0
4DR,1.0,204.7,1.2,132.9,18.6,18.5,ROLO COMPRESSOR,69.0,82.3,65.4,12.3,58.7
4dibb,0.8,211.7,0.9,143.3,28.7,11.0,Cloud Nein,75.5,44.5,82.2,76.6,76.3
4x4ever,0.8,170.2,0.8,118.5,18.5,11.3,Incarnations of Victory,31.9,34.1,40.7,12.1,22.4
5AM,0.7,153.0,0.7,98.7,21.0,50.0,Lucky Cat Gaming,18.4,23.4,15.1,24.9,11.8
66J,0.9,192.2,0.9,127.8,18.5,11.4,RILLAS,54.9,52.2,56.3,11.9,40.6
7ssk7,1.1,224.4,1.1,144.4,23.2,14.9,Natus Vincere,85.8,80.2,83.5,40.2,80.0
83Y0nd1357,1.1,241.6,1.2,152.7,19.8,8.0,303 Esports,94.1,89.1,91.6,17.7,81.4
9er,0.8,176.3,0.8,129.4,28.3,11.7,TEN-5,38.5,38.1,59.6,74.6,52.0
A1D,0.5,134.0,0.5,92.0,16.0,33.0,S4-GE,9.4,6.9,10.2,5.2,2.7
ABATMAN,0.9,199.8,0.9,133.0,23.6,8.4,Action PH,63.6,46.5,65.6,42.7,54.8
ACCEL,1.0,175.2,0.9,114.4,27.7,12.6,Team Rocket,37.2,51.6,34.5,71.7,46.6
ADRENALINE,1.0,168.7,1.0,117.7,24.2,15.1,Zero MarksMen Black,30.2,55.9,39.9,48.0,40.3
AGB,0.7,143.9,0.6,101.9,15.9,4.6,Gx,13.3,18.0,17.7,4.9,6.2
AJ,0.8,182.2,0.8,114.8,25.0,7.8,Gx,45.1,42.4,35.0,54.1,41.2
ALEKSANDAR,1.0,180.0,1.1,118.1,39.8,15.4,Skwirel Warriers,42.5,75.0,40.3,98.6,68.3
ALLUKA,0.4,148.0,0.5,99.0,31.0,0.0,W Streak Esports,15.5,6.9,15.4,86.2,24.3
ANDROID,1.1,207.0,1.3,138.3,28.5,26.4,NRG Esports,71.1,93.0,74.7,75.9,88.7
ANGE1,0.8,163.8,0.8,110.6,30.3,8.9,FunPlus Phoenix,26.0,31.1,28.3,84.1,38.8
ARES,1.0,173.8,1.0,117.0,21.4,12.7,Aspyre,35.6,65.3,39.0,27.4,38.0
ARtgun,0.5,113.7,0.4,74.3,16.0,18.1,Aristocrats,4.4,5.3,3.4,5.2,1.2
AYRIN,1.0,174.8,1.0,115.2,18.4,13.1,XSET,36.4,68.6,36.0,11.5,33.3
Abdur,1.0,159.4,0.9,107.5,27.8,20.2,Team Exploit,22.5,51.4,24.0,71.9,38.9
Abram,1.0,212.8,1.0,147.8,23.8,26.6,Gx,76.6,59.1,87.7,43.9,72.2
AcE,0.6,161.7,0.6,99.7,40.3,0.0,S4-GE,24.1,19.8,16.0,98.7,35.1
AcMe,1.0,204.2,1.1,130.3,24.1,25.5,HAYABUSA Gaming,68.5,73.4,61.0,47.4,66.5
AcTivv,0.6,150.0,0.6,100.0,18.0,0.0,Vx,16.4,16.6,16.3,10.5,7.5
Ace,1.0,212.9,1.0,138.1,26.7,19.8,Griffin E-Sports,76.7,63.2,74.4,66.2,76.9
Acen,0.8,159.0,0.7,106.7,25.0,12.7,Runaway,22.2,27.6,22.9,54.1,25.4
Achinth,0.5,137.0,0.4,105.0,26.0,0.0,Anime Aimers,10.2,5.6,21.0,61.7,16.5
Adada1,0.7,216.3,0.8,138.0,20.0,0.0,eu e as 4 mulas,79.8,32.3,74.2,18.9,50.0
Adam,1.0,234.6,1.1,154.1,20.5,3.9,Exotic,91.1,77.0,92.7,22.1,77.6
Addicted,1.0,174.4,1.0,117.4,30.2,28.2,Sharks Esports,36.1,57.5,39.5,83.6,53.9
Aero,0.8,171.1,0.9,113.4,29.7,10.4,Free Fall,32.8,51.8,32.9,81.5,47.9
Agility,0.9,188.2,0.9,120.0,21.4,8.1,Moonrise,50.8,44.5,42.9,27.2,37.7
Agr0,0.8,215.4,0.9,141.7,28.7,10.5,Free Fall,78.7,47.8,79.7,76.9,77.7
Aiko,1.0,202.2,0.9,135.2,26.4,5.2,OMICRON,66.6,47.2,69.5,64.4,65.6
AimGreen,1.0,179.5,1.9,121.8,22.0,19.2,Medellin,41.7,99.6,45.9,31.4,54.9
Akaashi,0.8,155.2,0.7,109.5,34.8,0.0,Crownless,19.8,30.0,26.5,94.7,39.2
Akali,0.9,213.3,0.8,137.7,24.7,8.7,We Need Sponsor,77.1,38.8,73.6,51.5,63.0
Akame,0.8,178.0,0.8,116.0,22.0,6.5,Jadeite,40.5,33.6,37.5,31.4,30.4
Akashi,0.8,161.5,0.7,109.7,20.4,13.7,CERBERUS Esports,24.0,26.0,26.6,21.2,16.1
Akasy,0.7,157.5,0.7,111.2,27.2,0.0,Imaginary Savior,21.1,23.1,29.5,69.3,30.5
Akleous,1.1,224.3,1.2,144.0,24.1,17.7,OneShot Esports,85.7,87.2,82.8,47.8,85.3
Akula,0.9,168.7,0.9,111.6,21.5,12.3,StarBound,30.3,44.0,30.0,28.2,27.3
Akxshi,1.0,210.7,1.1,139.8,28.5,15.9,doidera,74.5,80.0,76.6,75.8,86.3
Alec,0.4,91.7,0.3,66.0,35.3,0.0,LionHeart,1.4,2.1,1.9,95.8,17.2
Aleks,1.1,260.9,1.3,170.0,27.2,28.4,leptospirose,97.8,90.3,98.3,68.8,97.2
Alex,1.0,212.7,1.0,146.6,14.8,4.6,Next eSports,76.5,59.2,86.3,3.3,57.4
Alfajer,1.1,236.8,1.2,158.6,28.7,17.1,FNATIC,92.1,83.1,95.0,76.9,95.7
Ali,0.5,112.0,0.3,69.0,14.0,0.0,Girl Kissers,4.0,2.5,2.5,2.3,0.9
AllStar,0.8,166.5,0.7,109.1,25.2,4.0,Nameless Esports,28.3,28.8,26.0,55.8,29.1
Allan,1.0,200.7,1.0,130.0,31.2,10.2,TradeLikePros,65.1,59.4,60.3,86.9,73.8
AloNeFillz,1.0,194.7,1.1,129.3,21.2,11.6,Made in Thailand,58.1,70.0,59.4,26.2,52.9
AlphaFly,0.7,149.9,0.7,96.8,25.5,8.5,AstraSect,16.2,21.5,13.4,57.8,19.3
Altered,1.1,215.3,1.3,145.1,18.6,0.0,FYL,78.7,90.1,84.6,12.4,71.4
AlviN,0.7,173.0,0.7,106.4,20.4,0.0,Crash Landin on You,34.6,27.7,22.6,21.5,18.7
Amaterasu,1.0,188.4,1.0,121.2,30.6,8.5,Velocity Gaming,51.0,62.0,45.0,85.0,64.1
Andersin,1.1,216.2,1.3,143.8,29.5,23.7,Nearest Airport,79.7,94.3,82.6,80.8,94.2
Ange,1.1,185.8,1.2,119.7,23.6,12.8,DarkZero Esports,48.7,85.9,42.6,42.5,55.2
Aninixs,0.8,191.7,0.8,136.0,29.3,14.0,Team Astra,54.3,30.3,70.8,79.8,60.9
Anker,1.0,202.5,1.1,132.5,26.8,5.9,Jadeite,66.8,71.0,64.7,66.4,72.7
Anna,1.0,241.5,1.2,155.7,25.1,14.1,Red Eyes,94.0,82.6,93.3,55.4,91.6
AnnieDro,1.0,175.1,1.1,121.8,22.1,13.6,Cloud9 White,37.0,74.8,45.8,32.3,45.2
Anthem,0.9,206.0,1.0,137.2,24.8,0.0,REJECT,70.1,57.0,73.3,52.2,67.1
Anti,0.9,169.5,0.9,108.2,20.4,7.1,Up Next,30.8,44.2,24.8,21.4,23.3
Antidote,1.0,195.5,1.1,128.1,25.2,14.6,Enigma Gaming,58.9,76.9,57.0,55.9,66.0
AntoL,1.0,207.7,1.2,136.1,23.3,16.2,Synergy,71.6,88.0,71.1,40.5,73.6
Apinya,0.9,203.6,0.9,132.8,26.8,34.9,FW Esports,67.7,47.9,65.2,66.9,65.6
Apoth,1.1,196.8,1.3,128.3,30.9,26.7,Evil Geniuses,60.0,91.6,57.5,85.9,82.1
Apqa,1.0,182.3,1.0,118.9,25.4,12.4,Team Mystic,45.3,57.8,41.3,57.6,49.0
Arkhram,0.4,117.7,0.4,75.3,31.7,0.0,Discord Kitties uwu,4.7,3.5,3.7,87.9,16.8
ArnZ,0.8,186.0,0.8,123.0,14.0,0.0,Tunker,49.0,32.8,47.6,2.3,27.1
Art,0.8,197.2,0.8,125.1,15.4,30.8,Sengoku Gaming,60.5,36.5,51.6,4.3,33.4
Arthwook,0.4,122.2,0.4,88.7,14.3,0.0,Neebs and Weebs,5.7,3.1,8.3,2.8,1.3
Aryu,0.9,157.6,0.8,102.3,21.0,13.0,Action PH,21.2,36.6,18.2,24.9,17.1
AsLanM4shadoW,0.9,212.8,0.9,140.7,28.4,13.0,BBL Esports,76.6,52.3,78.2,75.6,77.5
Asakura,0.3,141.0,0.4,96.0,14.0,0.0,AE Ravenous,12.2,3.6,12.7,2.3,2.4
Asetic,0.6,130.0,0.4,92.0,29.0,0.0,Medics,8.0,6.0,10.2,78.4,17.5
Ash,1.1,252.6,1.2,159.2,28.2,31.0,INS4NE,96.6,85.7,95.3,74.2,96.6
Asitte,1.3,276.8,1.9,171.1,20.1,45.8,Khumbu Esports,99.0,99.7,98.5,19.6,89.4
Askia,0.6,155.0,0.6,103.0,26.0,11.0,Team Brave Soldiers,19.6,14.9,18.8,61.7,21.2
AslaN,0.8,175.9,0.8,117.6,29.5,2.7,BIG,37.8,40.7,39.8,80.6,47.8
Assafin,1.2,208.6,1.3,135.1,20.9,0.0,OS GURI DA GERAL DO GREMIO,72.4,95.1,69.4,23.8,69.6
Assass1N,1.0,199.7,1.1,139.3,29.3,17.7,Blind Esports,63.6,76.8,75.9,79.8,82.6
AssassinSu,0.8,158.3,0.9,103.7,22.3,10.3,Aurelius Esports,21.8,55.2,19.6,33.6,26.6
Astell,0.9,158.8,0.9,106.6,26.0,12.2,Crazy Raccoon,22.0,48.4,22.7,62.4,34.1
Asteriskk,1.0,176.8,0.9,112.0,18.8,24.2,Persija Esports,39.1,45.8,30.6,12.9,25.9
Asuna,1.0,226.4,1.1,145.0,21.5,15.3,100 Thieves,86.7,74.3,84.2,28.3,74.2
Atake,0.7,170.0,0.7,116.3,30.0,7.0,Spectral Purple,31.5,25.8,37.9,82.6,41.5
Attention,0.9,220.5,1.0,147.2,22.2,0.0,Griffin E-Sports,83.2,60.6,87.2,32.8,70.8
Aven,1.0,223.7,1.0,148.7,25.7,11.3,EterNal,85.2,60.7,88.4,59.0,81.7
Avenger,0.6,189.9,0.7,125.1,20.0,5.7,Roulette,52.5,27.5,51.6,18.9,32.8
Aversion,1.0,233.0,0.9,140.3,26.3,10.3,Spectral Esports,90.4,55.0,77.6,63.9,79.0
AvovA,1.0,174.7,1.0,115.6,28.0,24.9,G2 Esports,36.2,58.5,36.9,72.5,49.6
Awkua,1.1,226.2,1.2,142.8,28.9,4.6,Chapter 4,86.6,89.8,81.3,77.7,93.9
AztKk,0.6,138.4,0.5,93.1,30.9,0.0,FUSION,11.1,6.6,10.8,85.8,21.1
B0ra,0.7,164.0,0.7,108.0,27.7,7.7,We Need Sponsor,26.3,27.2,24.6,71.5,32.5
B1azeTap,0.8,167.7,0.7,111.7,17.7,15.0,Vx,29.4,26.4,30.3,9.2,15.1
B1ngSu,1.0,202.8,1.1,131.8,27.9,5.1,HAYABUSA Gaming,67.0,77.6,63.5,72.4,76.9
BABYBAY,1.1,242.7,1.2,156.9,19.1,12.5,FaZe Clan,94.4,87.2,94.0,15.0,80.7
BALEROSTYLE,0.8,187.7,0.8,115.7,22.3,0.0,The Last Dance,50.3,35.8,37.0,33.6,34.4
BALLY,0.9,232.0,1.0,146.0,23.0,0.0,GotyPeeks,90.0,62.4,85.8,38.2,75.5
BANANA,0.4,128.0,0.4,79.0,19.7,12.3,Omni Performance SD,7.3,4.7,4.6,17.1,2.9
BBiyong,0.8,178.2,0.8,116.6,23.7,10.4,Lone Way E-SPORTS,40.7,39.2,38.2,43.4,36.1
BE ALIK3,1.0,215.0,0.9,145.1,29.2,12.2,Aristocrats,78.3,50.5,84.6,79.3,81.5
BEAST,0.9,178.4,0.8,122.0,25.5,15.3,New Moon,40.9,42.5,46.2,57.9,44.4
BELKY,1.0,195.1,0.9,130.3,17.1,31.9,Stars Horizon,58.5,50.4,60.9,8.0,41.5
BENECIA,1.1,198.6,1.3,128.5,22.2,24.1,CNJ Esports,62.4,93.4,57.8,32.7,65.1
BIG CHAD,0.6,141.0,0.4,99.7,27.3,0.0,The Chads,12.2,6.3,16.0,69.9,18.1
BLuezZ,1.0,227.1,1.0,145.7,24.1,6.4,Able Esports,87.3,68.8,85.4,47.5,79.7
BMV,1.0,167.1,1.0,111.1,30.3,15.6,Fancy United Esports,28.9,60.3,29.3,84.1,49.1
BODA,0.8,174.7,0.8,118.3,26.1,9.6,Zenigma Alpha,36.3,34.3,40.6,62.7,40.2
BODIES,0.8,164.0,0.8,102.0,24.0,0.0,Explicit,26.3,35.4,18.0,46.3,25.0
BONECOLD,0.9,159.9,0.9,108.7,33.3,9.2,Acend,22.7,46.8,25.6,92.2,44.3
BONECRACK,0.6,170.0,0.6,115.0,26.7,0.0,StayHydrated,31.5,14.1,35.6,65.9,32.0
BORKUM,1.0,208.0,1.1,135.4,21.4,19.5,Team Secret,72.0,73.3,70.0,27.1,63.7
BRNWOWZK1,1.2,259.4,1.2,169.7,17.8,25.9,INGAMING Esports,97.4,88.6,98.3,9.7,81.8
BUGSYTHEBEAN,0.6,127.3,0.5,87.0,14.3,10.3,Neebs and Weebs,7.0,8.1,7.4,2.8,1.9
BUTTSAHAB,1.0,232.9,0.9,155.0,32.6,0.0,Clarity Esports,90.3,53.7,93.0,90.0,92.1
BaTz,0.8,185.8,0.8,123.6,35.0,4.8,Gx,48.6,40.3,48.9,95.2,60.2
Baaz2k,0.4,121.0,0.4,72.7,13.0,17.7,Fitoor Esports,5.4,5.5,3.1,1.5,1.1
Baboošhka,0.7,136.0,0.6,97.0,28.0,22.0,Aurelius Esports,9.9,13.4,13.5,73.0,19.6
BabyJ,0.9,166.3,0.9,118.3,29.3,0.0,100 Thieves,28.1,48.5,40.6,79.8,47.2
Babyblue,0.9,204.8,1.0,130.5,24.6,9.4,Ghetto Artist,69.1,69.0,61.4,51.2,66.6
Backing Vocal,0.8,180.5,0.8,122.6,23.1,15.0,Raiju,43.3,38.2,46.9,39.4,38.2
Bad,1.0,233.8,1.0,153.4,22.8,18.4,StarBound,90.7,64.5,92.1,36.3,77.9
Baelrosh,0.2,68.0,0.2,45.3,5.5,0.0,Huh,0.3,0.2,0.3,0.0,0.0
Baleia,0.8,146.3,0.7,91.6,22.1,7.4,Beyond Stratos Gaming,14.5,26.6,9.8,32.5,12.1
Banchan,0.7,152.3,0.6,103.0,26.7,0.0,nice try,18.0,13.0,18.8,65.9,21.4
BandiCoot,0.9,180.1,0.9,117.1,22.0,24.0,E-Xolos LAZER,42.6,44.7,39.2,32.0,35.1
Bandit,1.1,231.8,1.2,142.2,17.5,5.2,Exotic,89.8,86.2,80.5,8.7,71.1
Banger,1.3,252.6,1.5,165.9,33.9,6.6,Next eSports,96.6,98.3,97.5,93.3,99.8
Bangnan,1.1,232.7,1.2,150.6,36.0,14.1,DAMWON Gaming,90.3,88.8,90.0,96.5,98.3
Bankroft,1.2,213.8,1.4,138.4,22.4,23.4,Nearest Airport,77.6,97.3,74.8,34.1,78.0
Bape,1.2,285.8,1.3,178.4,21.8,15.0,AstraSect,99.4,93.9,99.2,29.5,90.9
BasilisKKK,0.6,126.3,0.6,100.0,32.3,23.3,Fitoor Esports,6.8,12.8,16.3,89.6,24.8
Bawn,1.0,202.5,1.0,140.0,21.5,13.7,Team Reckaroo,67.0,64.0,77.1,27.6,61.1
Bazzi,1.1,230.6,1.3,147.4,15.8,17.2,Incheon On Sla2ers,89.2,94.1,87.3,4.8,75.0
BcJ,1.1,188.3,1.1,125.8,18.4,16.2,XSET,50.8,76.2,52.6,11.8,45.6
BeYN,1.2,224.2,1.7,149.2,26.4,34.4,F4Q,85.6,99.2,89.1,64.6,94.5
Bea2,0.8,130.0,0.7,84.1,19.6,7.2,Ghetto Artist,8.0,23.3,6.0,16.6,6.1
BearZ,1.2,233.6,1.2,158.1,19.3,10.6,IlluZion,90.6,85.9,94.9,15.7,79.1
BeasT,1.2,245.3,1.6,168.1,25.9,0.0,Clarity Esports,95.1,98.6,98.1,60.4,96.8
Behhnk,0.5,105.3,0.4,71.2,26.4,5.3,REGEN,3.0,4.2,2.8,65.0,10.3
BenJ 锦,0.9,139.3,1.0,97.7,25.7,22.2,Union Gaming,11.5,67.7,14.2,59.3,33.4
Benevolence,0.8,182.3,0.7,121.7,34.7,0.0,UnitedERA,45.2,26.8,45.6,94.6,52.4
Benkai,1.0,178.6,1.1,116.8,25.3,19.4,Paper Rex,41.1,70.2,38.5,56.4,50.3
BerserX,1.0,199.3,1.0,125.8,22.4,18.8,BOOM Esports,63.3,63.4,52.6,34.6,53.0
Bewd,1.0,182.0,1.1,120.2,23.9,20.7,PUGSTARS,44.4,78.4,43.2,44.8,52.1
BiGuNszZ,1.0,246.0,1.0,147.7,23.0,8.3,Zeal,95.3,64.9,87.5,38.2,78.6
Biel,1.1,218.4,1.3,146.0,29.8,15.4,RD E-SPORTS,81.7,92.0,85.8,81.9,95.1
Bielzin,0.8,211.0,0.9,144.7,24.0,0.0,Expect Nothing,74.9,49.3,83.9,46.3,67.8
Big1son,0.9,192.9,0.8,131.4,15.1,11.4,Rated Gaming,55.6,40.0,63.0,3.7,36.5
Bindaso,0.8,184.6,0.8,121.8,25.0,4.2,FIRST PIECE,47.4,39.4,45.8,54.1,44.1
Binks,0.8,134.0,0.9,96.0,17.0,0.0,Team 69,9.4,50.7,12.7,7.5,11.5
Biscoit1n,1.1,243.2,1.1,155.8,24.0,0.0,Rise Gaming,94.5,80.9,93.5,46.3,88.8
BlackFrost,0.4,124.0,0.4,85.0,18.0,0.0,HCK CIBORGS,6.2,5.1,6.4,10.5,2.3
BlackHeart,1.1,196.6,1.1,135.4,25.2,20.1,Built By Gamers Academy,59.7,73.6,69.8,55.7,68.9
BlackMoose,0.9,211.9,1.0,134.7,22.9,8.9,RILLAS,75.7,61.2,68.6,37.0,63.7
BlackWiz,0.9,167.9,0.9,110.2,26.4,10.8,NORTHEPTION,29.6,48.0,27.4,64.3,38.7
BladeZ,1.2,233.6,1.4,145.3,30.1,1.8,LUSA White,90.6,96.7,84.9,83.2,97.3
Blahst,1.0,202.0,1.1,130.9,25.6,22.8,VIRTUOSO,66.4,73.3,62.1,58.6,69.5
Blas,0.8,155.5,0.7,102.9,20.9,50.0,NAOS,19.9,25.3,18.6,23.8,13.2
Blessboy,1.0,208.0,1.1,134.0,17.4,14.2,Agropesca Jacare,72.0,79.7,67.6,8.4,58.2
Bloody,1.0,234.9,0.9,161.4,23.7,4.3,Paradise Esports,91.2,50.0,96.2,43.6,77.0
Bluebear,0.8,159.3,0.7,110.3,24.9,30.5,Team MystiC,22.4,28.0,27.6,53.0,26.9
Blueming,0.9,217.6,1.3,140.4,16.1,22.0,Veni Vidi Vici,81.2,94.6,77.7,5.6,69.0
BoNeS,0.9,178.9,0.9,123.0,29.2,5.5,True Rippers,41.3,44.9,47.8,79.3,52.8
Boaster,0.9,180.2,0.9,118.1,19.6,13.7,FNATIC,42.7,51.0,40.3,16.5,32.8
Bob,1.0,183.5,1.1,126.6,31.4,19.9,Soniqs,46.4,73.5,54.1,87.4,69.9
Bobovo,1.1,221.4,1.2,143.3,24.2,18.6,Run it Down,83.7,84.1,82.2,48.7,83.9
Bon,0.6,155.7,0.7,111.7,21.0,0.0,NANO,20.1,19.9,30.3,24.9,15.1
Bong,0.3,74.0,0.2,57.3,10.3,0.0,Medics,0.5,0.3,0.8,0.6,0.1
Bongsick,0.7,146.1,0.7,101.0,26.0,10.4,Team Inv,14.5,25.2,17.0,61.7,22.3
Boni,0.4,103.0,0.4,65.0,12.0,0.0,onliners,2.8,4.0,1.7,0.9,0.7
Boo,1.0,188.5,1.0,126.3,28.1,22.7,OG LDN UTD,51.2,66.0,53.4,73.8,64.4
BoostedwOw,0.7,153.0,0.7,100.3,19.7,12.7,NPGTxD,18.4,27.2,16.7,17.1,11.2
Boostio,1.0,212.6,1.0,141.1,28.1,7.7,Evil Geniuses,76.4,68.4,79.1,73.7,83.3
Boston,0.9,197.8,0.9,124.7,18.0,2.8,Go 4 Broke,61.2,46.2,50.8,10.5,38.5
Box,0.8,204.0,0.9,136.0,21.0,0.0,Team 12,68.2,44.5,70.8,24.9,51.4
Boyoon,0.9,239.0,0.9,151.0,27.7,0.0,OutAimed,93.0,54.6,90.3,71.5,87.2
Bpg,0.9,181.9,0.9,122.6,24.1,15.4,Arca do Plato,44.4,50.3,46.8,47.5,45.0
BrAvO,0.5,117.0,0.5,80.0,12.3,44.3,GotyPeeks,4.7,6.5,4.9,1.1,1.2
Brad,0.4,112.0,0.4,85.0,21.0,0.0,Monkey Bite Esports,4.0,2.7,6.4,24.9,3.3
Braulino,0.9,153.2,0.9,104.5,30.2,23.8,fakezinho dos guri,18.6,54.2,20.5,83.7,41.3
Brave,0.9,193.6,0.8,124.0,31.9,8.6,Papara SuperMassive,56.9,42.9,49.6,88.4,61.8
BraxxyyF,0.8,206.0,0.8,133.0,29.0,,ChillinWithFriends,70.1,37.8,65.6,78.4,66.9
Brennan,0.5,154.0,0.4,105.3,16.7,0.0,Nocturnals,19.0,4.9,21.2,6.6,5.8
Brewski,0.7,132.0,0.5,96.0,32.7,0.0,Tidal,8.7,11.0,12.7,90.4,23.9
Brick,0.7,133.0,0.5,79.0,19.0,0.0,BRICKEDUP,9.1,11.5,4.6,14.1,3.7
BrightBlue,0.9,155.3,0.9,107.9,18.4,25.2,Straight Warfare,19.8,53.0,24.4,11.6,19.3
Brinks,1.1,223.3,1.3,145.9,22.4,14.8,Gamelanders Blue,85.1,90.4,85.6,34.2,82.3
Brofeld,0.8,176.9,0.8,112.9,26.1,29.3,Jadeite,39.2,34.6,31.8,62.5,38.3
Brookelynn,0.9,228.0,0.9,144.3,31.7,11.0,Team Opulence Black,87.9,48.1,83.3,87.9,86.4
Brtz,0.7,140.6,0.6,99.1,18.1,3.3,Looking for Contract,12.0,13.4,15.5,10.9,5.9
Brush,0.8,146.3,0.7,95.3,17.3,21.3,Run it Down,14.7,24.2,12.0,8.3,7.3
BuLL3T,0.8,127.0,0.8,119.3,23.7,24.0,Team Valor,6.9,37.3,42.0,43.0,26.3
BuZz,1.1,230.7,1.3,149.8,27.2,22.4,DRX,89.3,93.8,89.4,68.8,95.1
Bubbles,0.7,175.2,0.7,117.5,13.7,4.6,Omnipotent Gaming,37.3,24.7,39.6,1.9,17.8
Buhms,0.6,141.4,0.5,89.6,22.8,8.0,Pulsar Red,12.3,10.2,8.7,36.5,8.7
Bullet1,0.9,180.0,0.8,125.3,23.8,13.6,ORN FC Esports,42.3,36.5,52.0,44.2,40.5
BulletX,0.8,166.3,0.7,113.0,22.3,0.0,NPGTxD,28.1,28.5,32.0,33.6,23.7
Bullitt,0.8,198.0,0.6,152.0,26.0,0.0,Divided Sons,61.6,15.8,91.1,61.7,59.2
BurnQ,1.0,201.0,1.0,133.9,15.6,0.0,Everyone's Nemesis,65.7,57.0,67.1,4.5,46.3
BussinBuster,0.6,200.0,0.7,128.0,34.0,0.0,CG,64.1,21.3,56.7,93.6,61.1
Busterrr,1.0,146.0,1.2,142.7,25.3,18.3,Team Valor,14.3,86.7,81.2,57.0,62.2
C0M,1.1,204.3,1.2,136.3,24.8,15.3,Evil Geniuses,68.7,81.1,71.4,52.3,74.3
CATS,0.6,171.7,0.5,109.3,20.3,0.0,Weenie Hut Jr,33.4,10.5,26.3,20.9,14.2
CHICHOO,1.2,198.7,1.2,133.1,28.6,26.3,EDward Gaming,62.5,90.1,66.0,76.2,82.1
CHIMEI,0.8,167.0,0.7,114.6,13.0,8.4,Oblivion Force,28.8,27.0,34.8,1.5,14.3
COOKIEOREOYUMMY1,0.9,218.8,0.9,147.5,23.1,9.9,Lycus Empire,81.9,52.9,87.4,39.5,70.0
CRIMINOSO,0.9,157.2,0.8,114.2,28.2,11.8,REiGN,21.0,34.1,34.2,74.4,37.0
CRUNCH,0.9,210.4,0.9,136.4,31.2,18.2,Illumina Blue,74.2,55.2,71.6,87.0,79.3
CTC,0.9,209.6,1.0,135.4,18.5,23.0,Los Grandes,73.5,67.4,69.9,12.0,56.2
CabezA,1.1,211.4,1.1,139.0,25.8,31.2,zerotwo,75.2,69.4,75.4,59.9,76.8
Caed,0.8,173.8,0.8,122.2,43.8,12.8,Team MystiC,35.5,35.6,46.4,99.4,54.1
Cain,1.0,188.3,1.0,122.2,22.5,10.0,Resonate,50.9,64.3,46.3,34.8,46.9
CamLikesCow,0.4,93.1,0.4,60.4,19.8,0.0,Asian Ravioli,1.6,3.1,1.1,18.0,1.6
Camdog,0.8,182.8,0.7,118.2,21.8,0.0,Go 4 Broke,45.7,26.0,40.5,29.5,29.9
Campion,1.2,286.2,1.6,182.5,23.2,10.3,Project A,99.5,99.0,99.4,40.0,94.3
Carbyn,0.9,185.4,0.9,125.6,25.3,17.9,Free Fall,48.3,44.1,52.4,56.5,48.7
Carlee,0.5,120.8,0.4,88.0,24.2,0.0,Gen.G Black,5.4,5.1,8.0,48.8,8.7
Carnage,0.9,196.4,0.9,134.0,25.8,11.7,Primary Gaming,59.6,52.6,67.4,60.3,62.4
Carolhosdedu,1.0,169.9,0.9,111.5,22.7,0.0,BOD Esports,31.2,47.0,29.8,36.0,30.8
Casblood18,0.9,178.1,0.9,117.4,25.6,21.6,Lycus Empire,40.6,46.1,39.4,58.7,43.6
CeLLo,1.1,255.1,1.2,165.5,23.4,14.2,Odin&Amigos,96.9,85.4,97.4,41.4,90.8
Celin,1.1,187.9,2.0,133.4,31.5,21.5,puGG,50.5,99.8,66.6,87.5,85.6
Cell,0.6,158.0,0.5,108.4,16.2,0.0,SYR,21.5,10.1,25.3,5.8,8.0
Centi,1.0,263.7,1.1,153.0,26.3,8.3,Last Resistance,98.1,73.7,91.9,63.4,92.2
ChAlalala,1.1,181.6,1.2,112.4,21.8,19.8,FULL SENSE,44.0,89.6,31.4,29.5,46.4
Champzera,1.1,216.8,1.2,136.9,25.0,7.6,LUSA White,80.4,81.9,72.6,54.1,79.7
Chance,0.8,166.5,0.8,104.9,30.1,11.2,select few,28.3,42.5,20.8,83.4,40.5
Changwoo,1.1,201.2,1.3,133.0,24.5,39.5,King's Man,65.8,90.3,65.6,50.4,73.9
Chaotickk,0.9,197.7,0.8,132.9,24.0,0.0,Explicit,61.0,42.2,65.2,46.3,53.2
Chavez,0.9,200.6,0.9,134.9,19.4,7.8,Up Next,64.9,50.5,68.8,16.1,48.4
Cheesyace,1.0,203.2,1.0,131.9,24.7,3.3,Team Mystic,67.4,64.1,63.8,52.0,65.3
Chibab,0.9,216.6,1.0,138.6,20.3,6.8,Maru Gaming,80.1,60.4,75.0,20.7,61.4
ChocoPig,0.6,133.7,0.5,88.7,26.7,0.0,Bottom Fraggers,9.2,12.0,8.3,65.9,15.3
Chokemaster68,0.9,278.0,0.9,190.0,28.0,0.0,GodGamers,99.0,49.3,99.7,73.0,90.7
Chokie,0.8,182.1,0.8,122.2,19.4,11.9,AF,44.9,33.4,46.3,16.0,29.7
Chris,0.6,183.4,0.7,112.8,16.5,7.5,Nocturnals,46.2,22.7,31.6,6.2,18.9
Chrome,0.7,181.9,0.7,123.2,22.6,28.6,Dallas Vendetta,44.3,21.2,48.2,35.1,32.3
ChromnZ,1.1,226.4,1.1,147.0,17.0,13.1,Union Gaming,86.8,80.0,86.9,7.5,69.8
Chronicle,1.1,236.7,1.3,153.9,23.6,23.5,M3 Champions,92.0,90.2,92.5,42.2,89.5
ChurmZ,1.0,210.8,1.1,137.1,17.7,21.6,Cosmic Divide,74.7,72.9,72.9,9.0,59.1
Ciccione,0.4,110.0,0.4,77.0,40.0,0.0,Cyclonados,3.8,2.9,4.1,98.6,19.4
Ciel,0.5,126.3,0.5,84.6,19.7,0.0,Nana's Biscuits,6.7,8.6,6.1,17.5,3.5
Cintra,0.9,242.0,1.0,152.0,20.0,50.0,Akuma Team,94.2,66.5,91.1,18.9,73.4
ClarK,0.7,146.0,0.7,97.3,27.8,19.5,World Game Star,14.3,25.4,13.8,71.9,24.8
Clemm,1.0,227.3,1.2,146.0,23.7,4.7,Team TriVec,87.6,81.0,85.8,43.0,83.2
Clever,1.0,223.2,1.0,148.8,28.2,4.0,18again,85.0,61.8,88.5,74.4,87.3
Cloud,1.0,220.5,1.0,147.3,29.0,6.9,Natus Vincere,83.1,68.9,87.2,78.4,89.7
Cloudey,1.1,210.9,1.1,138.6,25.3,13.5,Free Fall,74.7,79.2,75.0,57.0,78.6
Cloudy,0.5,124.0,0.4,85.7,35.0,13.7,WNF Esports,6.2,5.4,6.7,95.2,21.0
Cloy,0.9,161.5,0.8,107.4,33.7,16.5,Egnis.kr,24.0,39.0,24.0,93.0,42.1
Cluster,1.2,214.2,1.6,140.4,38.4,25.5,Khumbu Esports,77.8,98.8,77.7,97.9,96.7
CoSa,1.3,238.7,1.5,148.1,17.6,14.5,Desperado,93.0,97.6,88.0,8.8,79.2
Coach Joe,0.9,166.2,0.9,113.7,25.2,12.9,Team Mystic,27.9,44.5,33.4,55.5,36.0
Cobong,1.1,221.4,1.1,142.6,15.6,10.9,Team LuZi,83.7,74.6,81.1,4.5,64.2
Coffin,0.7,152.0,0.6,97.3,22.7,15.0,Anime Aimers,17.7,17.4,14.0,35.7,12.4
Cohburg,1.1,194.6,1.2,128.3,26.4,17.7,Moon Raccoons,58.0,89.2,57.5,65.0,72.9
Complex,1.0,197.3,1.1,132.0,27.7,27.5,ADHD,60.5,78.5,63.9,71.6,74.7
Core,1.0,181.1,1.0,125.6,27.3,13.8,Green Beans,43.7,61.8,52.5,69.9,58.2
Corine,0.9,211.6,0.8,137.8,20.4,3.8,LEVEL UP,75.4,39.9,73.9,21.4,51.9
Cornbread,0.6,129.0,0.5,82.7,25.9,10.5,Nocturnals,7.6,8.9,5.5,60.7,12.1
Cortexzin,0.8,164.0,0.7,109.0,15.0,13.0,fake doi,26.3,29.2,25.9,3.5,12.5
CptRag3,0.7,146.3,0.7,102.7,27.3,,Aurelius Esports,14.7,23.7,18.5,69.9,25.5
Cr4zYLEm0N,1.0,209.7,0.9,130.3,25.0,0.0,NDT,73.6,54.0,61.0,54.1,64.0
CrayCup,1.0,207.6,1.0,136.7,27.3,2.8,Rated Gaming,71.5,59.4,72.3,69.6,74.1
Crazymojo,1.0,215.7,1.0,139.3,26.3,11.0,1337,79.0,68.2,75.9,63.9,79.0
Creative,0.7,142.5,0.5,102.0,16.5,0.0,GoNGo Prince,12.8,6.7,18.0,6.2,4.3
Crescent,1.0,227.0,1.2,139.7,20.0,8.7,303 Esports,87.2,82.1,76.4,18.9,70.9
Critical,1.1,205.3,1.2,136.1,22.9,28.9,Clanless,69.7,89.8,71.3,37.2,72.3
CrosshaiR,0.9,177.1,0.9,114.8,24.6,13.0,True Rippers,39.6,50.1,35.0,51.2,41.0
Crunchy,1.1,228.0,1.3,143.5,25.5,19.2,Soniqs,87.8,94.5,82.3,57.9,91.0
Crunkee,0.8,119.3,0.6,95.8,23.7,15.1,RUSH,5.0,12.7,12.3,43.0,9.9
CrushKz1,1.3,297.5,1.5,185.2,27.5,26.2,ROLO COMPRESSOR,99.7,98.1,99.6,70.7,98.5
Crws,0.9,175.7,0.9,115.6,23.2,22.2,XERXIA Esports,37.7,46.9,36.8,40.3,36.2
Cryocells,1.2,252.2,1.5,156.7,24.3,12.1,XSET,96.4,98.4,93.9,48.9,94.3
Cryy,0.6,154.0,0.6,116.0,21.0,20.7,Galaxy Carrots,19.0,16.2,37.5,24.9,16.0
CuhChow,0.6,128.3,0.6,85.0,28.3,0.0,United Nerds,7.5,16.3,6.4,74.9,18.4
CyderX,0.7,137.0,0.6,95.5,26.0,7.1,BBL Esports,10.2,15.5,12.2,61.7,16.7
D1pp3R,0.9,181.0,1.0,120.1,19.8,30.5,Early Access,43.6,57.5,43.2,18.1,36.6
DARRIN,0.6,177.0,0.6,103.3,29.7,0.0,Neons Ninjas,39.4,15.2,19.3,81.3,34.0
DDIrocco,0.8,187.7,0.9,119.7,24.0,14.9,James Madison University,50.3,46.2,42.4,46.3,43.8
DDangToo,0.8,171.1,0.8,114.9,18.6,6.1,Imaginary Savior,32.9,37.0,35.2,12.2,22.0
DDcream,1.1,196.7,1.1,134.8,22.0,6.9,HAYABUSA Gaming,59.9,71.9,68.6,31.4,59.9
DEADSHOT,0.9,206.8,1.0,128.2,22.6,6.2,Crash Landin on You,70.8,61.5,57.2,35.4,57.2
DEATHMAKER,1.2,252.3,1.3,163.2,31.7,31.5,Velocity Gaming,96.5,94.6,96.7,88.1,99.3
DEATHUNTER,0.4,103.7,0.3,67.7,28.0,0.0,Team Astra,2.8,2.4,2.3,73.0,11.5
DENYA,1.1,226.7,1.3,147.7,23.9,11.5,PUGSTARS,87.0,91.9,87.6,45.1,87.7
DGL,0.8,176.1,0.9,115.0,18.0,22.4,Moonrise Black,38.3,55.3,35.6,10.5,29.3
DMT,0.9,209.0,1.0,134.9,25.7,18.1,Galaxy Carrots,72.7,59.4,68.7,59.5,69.4
DOLLAR,0.9,212.3,1.0,132.7,32.7,0.0,Kings,76.2,58.2,65.0,90.4,80.2
DOXZ3R,1.1,202.6,1.2,130.1,22.1,16.4,NOGAS Esports,67.0,89.0,60.6,32.5,66.1
DRAGziKW,0.8,162.3,0.8,111.4,21.8,10.1,Botafogo eSports,24.8,37.0,29.7,29.8,23.4
DRAVANRA,1.1,212.6,1.0,133.2,29.3,0.0,Exotic,76.4,62.2,66.2,79.5,78.1
DYSER,0.8,176.3,0.8,115.1,26.1,0.0,MEETWO,38.5,39.9,35.9,62.9,41.4
DaNN,0.9,177.8,0.8,122.4,20.3,6.7,fake doi,40.3,36.3,46.5,20.6,30.8
DaeGi,1.1,234.7,1.2,151.0,25.1,17.3,Tartarus,91.2,82.5,90.3,55.1,90.3
Dagr1s,1.1,257.4,1.3,157.1,21.9,0.0,Zenigma Alpha,97.2,92.4,94.3,30.6,88.5
Daicute,0.9,211.9,0.9,138.9,21.8,13.6,CERBERUS Esports,75.8,49.6,75.3,29.8,59.3
Daimyo,0.5,138.0,0.6,82.0,31.0,33.0,Area of Effect,10.8,12.2,5.4,86.2,21.1
Dani,0.7,154.3,0.7,91.7,21.0,0.0,Sentinels,19.3,21.6,9.9,24.9,10.5
Danielesflo,0.8,168.6,0.7,111.9,26.4,6.4,FUSION,30.2,24.4,30.5,64.8,32.6
DannyJones,1.1,212.3,1.0,136.3,28.0,12.7,VIM TIRAR ORG GRANDE,76.2,57.3,71.6,73.0,76.0
DarKkKy,1.1,231.8,1.3,146.5,26.4,11.6,Salt Esports,89.8,93.7,86.3,65.0,93.8
Dark3st,1.1,197.1,1.2,131.1,29.4,12.8,Moon Raccoons,60.2,86.3,62.6,80.4,80.0
Darker,1.0,208.9,1.0,145.0,29.2,0.0,FUSION,72.6,57.9,84.4,79.4,82.0
DaveeyS,1.1,237.8,1.2,152.8,25.1,10.9,E-Xolos LAZER,92.6,90.1,91.7,55.0,92.8
Davizao,0.6,141.7,0.6,86.7,21.7,0.0,experientGG,12.4,12.6,7.2,29.0,7.8
Dayvid,0.5,123.7,0.5,82.0,21.0,29.0,Explicit,6.0,6.5,5.4,24.9,4.2
Dbs,0.5,125.0,0.5,87.3,22.0,0.0,HCK CIBORGS,6.3,6.7,7.7,31.4,5.9
Dcop,0.9,189.5,0.8,124.4,20.8,17.8,FUSION,52.1,38.0,50.3,23.7,37.2
DeDli,0.9,167.6,0.8,112.7,23.6,11.4,MLT Esports,29.3,36.6,31.6,42.6,29.4
Deadly10,1.2,245.1,1.3,162.1,28.5,43.0,Reckoning Esports,95.1,92.3,96.4,76.0,97.8
DeagleTG,0.7,189.0,0.7,132.3,29.0,5.7,Aristocrats,51.5,24.8,64.4,78.4,55.1
Dean,1.0,209.0,1.0,140.7,22.7,10.0,Paradise Esports,72.9,57.7,78.0,35.7,64.4
Death Knives,0.7,150.0,0.6,110.0,18.0,20.0,Akuma Team,16.4,16.6,27.0,10.5,9.3
Decay,1.0,184.2,1.0,125.6,22.7,16.3,TradeLikePros,46.8,56.3,52.3,35.7,45.5
DeeG JB,0.4,109.0,0.4,76.0,30.0,0.0,Zeal,3.6,3.5,3.8,82.6,14.6
Dekiru,0.7,169.8,0.7,120.6,24.2,7.8,18again,31.1,20.2,43.9,48.3,30.7
Delend,0.9,166.8,0.8,110.9,32.4,10.8,Made in Thailand,28.6,35.7,28.8,89.8,43.1
Delight,0.8,192.6,0.8,131.4,18.0,8.2,StarBound,55.2,40.1,62.9,10.1,38.4
Delishous,0.8,156.5,0.7,109.1,13.8,18.9,SWARM esports,20.6,27.0,26.0,2.0,10.5
Delta,0.9,177.1,0.9,113.5,18.9,12.3,Red Eyes,39.5,53.3,32.9,13.2,29.1
Den2,1.0,186.8,1.1,123.5,27.3,22.1,SPEAR GAMING,49.7,71.2,48.6,70.1,62.3
Denz,0.9,186.7,0.9,126.0,21.9,4.3,IlluZion,49.5,44.1,52.9,30.6,41.4
Dep,1.1,219.3,1.2,137.2,26.0,13.8,ZETA DIVISION,82.4,83.6,73.1,62.5,84.8
Derialy,0.9,188.5,1.0,125.9,26.3,13.2,NORTHEPTION,51.3,55.7,52.8,63.4,56.3
Derke,1.1,244.4,1.2,159.6,28.2,14.5,FNATIC,95.0,86.8,95.5,74.1,96.5
Dero,0.9,167.0,0.8,116.0,22.0,20.0,Tidal,28.8,36.5,37.5,31.4,28.0
Derrek,1.1,208.8,1.3,140.8,33.3,16.8,100 Thieves,72.5,92.3,78.4,92.4,94.0
Deryeon,1.0,245.0,1.1,152.8,20.5,16.3,BLEED,95.0,80.1,91.8,21.8,79.6
Despair,0.8,151.2,0.7,106.4,19.0,2.8,CoreNine Esports,17.2,27.8,22.5,14.1,11.8
Destiniii,0.4,109.8,0.4,74.8,46.6,0.0,Zeal,3.7,3.8,3.6,99.8,20.1
Destrian,0.9,168.6,0.9,114.4,27.0,17.0,OG LDN UTD,30.2,49.6,34.5,67.3,42.6
Desty,0.6,170.0,0.6,114.3,42.3,0.0,eu e as 4 mulas,31.5,16.6,34.4,99.3,42.6
Dgz,0.7,160.0,0.5,105.7,14.0,12.7,Storm Tiger,23.0,7.4,21.6,2.3,6.3
Dhimoruto,0.9,164.6,0.9,97.3,22.4,0.0,REIGNITE,26.8,46.0,13.9,34.5,23.3
Di Wade,0.9,174.9,0.9,113.3,24.0,3.7,Maniacos da Mira,36.6,54.5,32.4,46.3,39.0
DiMAS,1.1,219.7,1.0,140.8,25.9,45.0,OIP,82.8,68.6,78.4,60.5,80.6
Dic2,0.9,163.0,0.8,108.7,17.0,0.0,zerotwo,25.4,41.3,25.5,7.5,16.7
Didney,0.7,177.8,0.7,114.2,18.8,5.0,Ugly Hamsters,40.1,24.3,34.2,12.9,20.4
DigoZika,1.0,209.6,1.0,135.1,20.3,28.7,AJF e-Sports,73.5,65.0,69.4,20.5,58.5
Dinxx,1.2,266.2,1.3,173.0,20.5,7.0,Thanos Mug Academy,98.4,92.9,98.8,21.9,87.9
Djjoka,0.8,159.2,0.7,110.2,24.2,4.5,Flow e Amigos,22.4,28.5,27.4,48.0,25.2
DoHwaGa,0.7,145.0,0.6,102.0,29.0,15.0,MCC,13.7,18.5,18.0,78.4,26.1
DoLy,0.9,214.3,0.8,134.0,23.7,0.0,E ISSO MEMO,77.9,39.2,67.4,43.0,58.1
Dobsha,1.0,213.2,1.1,142.2,27.1,6.2,E-Xolos LAZER,77.0,74.4,80.6,68.6,84.5
DokJa,1.1,239.5,1.1,171.5,26.8,0.0,Never Surrender,93.2,79.5,98.6,66.4,94.3
DongSik,0.8,149.6,0.7,107.1,20.2,16.5,CoreNine Esports,16.1,27.1,23.4,20.0,13.0
Donkey,1.0,255.4,1.1,156.6,33.8,0.0,Valkyrie,96.9,73.9,93.8,93.2,97.6
Donovan,0.3,68.3,0.2,42.7,20.3,0.0,Jellyspotters,0.4,0.5,0.2,20.9,1.4
Doomsday,0.9,198.0,0.8,138.0,33.0,20.0,Exceeli Esports,61.6,43.5,74.2,91.5,73.4
Dopai,1.0,207.6,1.1,132.2,19.9,14.9,Run it Down,71.5,72.7,64.2,18.4,57.7
Dopelgänger,0.7,166.0,0.7,101.8,27.2,21.5,Imaginary Savior,27.7,28.6,17.6,69.3,30.6
Doze,0.6,166.0,0.6,110.0,21.0,20.0,1Rule,27.7,12.2,27.0,24.9,14.3
DraYstaR,1.3,229.5,2.0,152.0,25.7,13.5,Vexo Esports,88.7,99.8,91.1,59.5,94.8
Drago,1.0,222.0,1.1,140.0,34.0,17.0,Berzerkers,84.1,74.4,77.2,93.6,92.7
Dragon,0.9,208.6,0.9,137.7,25.8,2.5,Zer0 Latency,72.4,47.7,73.8,60.0,67.6
Drave,0.8,148.3,0.6,111.7,20.3,29.0,Jellyspotters,15.7,19.8,30.3,20.9,13.1
Draxi,0.9,164.5,0.8,104.5,21.0,21.8,Rex Regum Qeon,26.7,40.2,20.4,24.1,20.3
DreamMaker,0.9,200.0,0.9,132.0,22.0,14.0,Tidal,64.1,49.3,64.0,31.4,51.5
Dreamas,0.8,171.0,0.9,110.7,22.3,7.6,LDN UTD,32.6,45.4,28.6,33.6,29.5
Dregul8tor,0.4,134.0,0.4,98.0,24.0,0.0,freelo,9.4,4.5,14.5,46.3,10.2
Dreylo,0.8,173.0,0.8,110.6,11.4,13.4,Able Esports,34.6,39.2,28.2,0.8,17.6
Drios,0.5,112.6,0.4,76.1,27.3,4.2,Dallas Vendetta,4.1,5.9,3.9,69.9,12.2
Droid,0.5,149.0,0.5,99.5,22.2,9.0,Team TriVec,15.9,9.4,15.7,32.6,10.0
Drone,1.0,182.8,1.2,119.5,36.0,18.9,DarkZero Esports,45.8,86.1,42.3,96.6,73.4
Droppin,0.8,170.0,0.8,116.4,24.7,17.1,Berzerkers,31.5,30.7,38.0,51.8,33.2
Ds,0.9,170.1,0.8,110.3,21.5,6.0,Team Vikings,31.8,36.8,27.6,28.0,24.5
Dubbin,0.7,147.7,0.7,108.3,29.3,0.0,ONi,15.2,20.9,25.1,79.8,29.7
DubsteP,1.0,218.2,1.1,142.8,25.4,12.5,Team Secret,81.6,80.4,81.4,57.6,84.6
Dubu,0.9,182.1,0.8,119.1,24.8,12.2,Egnis.kr,44.9,34.5,41.7,52.6,40.1
Duno,0.9,167.8,0.9,113.4,25.4,14.5,Natus Vincere,29.5,44.3,32.8,57.6,37.3
DuoWithNoodle,0.2,71.0,0.2,55.0,22.0,0.0,Team Suits Gaming,0.5,0.5,0.6,31.4,2.9
Duul,0.5,154.0,0.5,102.0,14.7,25.0,Divided Sons,19.0,10.5,18.0,3.2,5.7
Dvyno,0.9,160.1,0.9,110.4,23.9,24.0,LUSA White,23.2,51.4,28.1,45.2,32.1
Dwarf,1.1,208.2,1.1,137.8,28.8,6.0,GyuBeueumJang,72.1,73.4,74.0,77.1,82.8
DxN,0.9,146.8,0.9,104.2,22.1,10.5,No Namers,14.9,54.4,20.2,32.1,23.6
Dykaz,0.4,61.0,0.2,48.0,23.0,0.0,Neons Ninjas,0.2,0.4,0.4,38.2,3.6
Dynasty,1.0,201.2,1.1,140.1,21.3,8.2,Synergy,65.8,79.0,77.3,26.5,65.9
E1sa,0.6,159.0,0.6,105.7,25.0,0.0,Fitoor Esports,22.2,13.0,21.6,54.1,20.0
EIFFEL,1.0,223.0,1.1,141.0,17.5,14.8,MCC,84.7,77.8,78.8,8.6,66.4
ELCbis Jr,0.9,196.5,1.0,124.2,19.6,8.4,Team T5,59.7,59.8,49.9,16.8,44.0
ERX,0.8,116.0,0.7,85.0,19.0,0.0,Ugly Hamsters,4.6,22.6,6.4,14.1,4.9
ETO,0.8,178.1,0.8,116.4,23.1,6.2,EDO TENSEI,40.6,35.9,38.0,39.1,33.7
EVE 기특한하마,0.6,108.0,0.5,73.0,23.0,11.0,Never Miss,3.4,7.7,3.2,38.2,6.0
Ecard,0.9,192.9,0.9,123.7,20.2,13.7,RD E-SPORTS,55.9,54.9,49.0,20.2,42.2
Eclipse,0.5,139.0,0.5,92.3,32.7,0.0,onliners,11.3,8.3,10.5,90.4,23.0
Edge,0.8,140.7,0.7,95.3,19.3,7.3,Alpha Six Gaming,12.0,24.6,12.0,15.7,8.2
EdudZ,1.2,271.5,1.3,178.6,25.3,18.7,3P eSports,98.8,94.9,99.2,57.0,96.3
Eeyore,0.9,199.6,1.0,130.4,25.1,7.4,Persija Esports,63.5,59.0,61.2,55.3,62.2
Ego,0.6,178.0,0.7,114.3,41.3,0.0,Vx,40.5,22.0,34.4,99.0,46.8
Egoist,0.6,138.0,0.6,88.0,29.0,44.0,Team Astra,10.8,16.6,8.0,78.4,21.0
El burro loco,0.7,157.7,0.5,98.0,18.3,0.0,Não tem Jeito,21.3,11.0,14.5,11.3,7.0
Eley,1.0,180.5,1.0,122.6,24.0,18.6,VIRTUOSO,43.2,67.5,46.7,45.4,49.3
Eliza,1.0,187.8,1.0,123.5,23.5,17.9,Beyond Stratos Gaming,50.4,64.0,48.6,41.8,49.9
Em0,1.0,157.0,1.1,102.0,35.0,0.0,M42 Esports,20.8,73.0,18.0,95.2,50.6
EmZ,0.6,138.0,0.5,86.3,25.7,21.3,GCA,10.8,11.4,6.9,59.0,13.3
Ember,1.0,193.4,1.2,126.4,26.9,10.3,God Particles,56.5,84.7,53.8,67.2,70.1
Emman,1.0,207.8,1.0,139.3,32.8,16.6,Action PH,71.7,67.2,75.9,90.9,86.0
Enderzinha,0.6,146.3,0.5,93.0,19.0,0.0,eu e as 4 mulas,14.7,10.5,10.7,14.1,5.6
Enjoy,1.0,206.4,1.1,134.6,19.7,14.7,Zero MarksMen Black,70.5,77.5,68.3,17.5,60.6
Enter,0.8,174.1,0.8,121.8,21.1,23.5,Team T5,35.8,40.3,45.9,25.7,32.1
Entri,1.1,229.9,1.2,144.6,20.7,7.6,SWARM esports,88.8,87.0,83.9,23.0,77.5
Envyus,0.7,190.3,0.8,126.3,23.0,25.0,LFO,53.2,41.8,53.6,38.2,44.0
Enza,0.7,149.0,0.7,104.6,18.3,5.0,mozzy,15.9,20.3,20.6,11.1,8.8
Enzo,1.0,178.0,1.0,117.5,23.0,14.9,FNATIC,40.4,59.0,39.7,37.4,41.1
Epple,0.8,178.4,0.8,120.6,38.3,25.8,Royal life,40.9,41.6,43.8,97.9,56.9
Equinox,0.5,132.0,0.5,93.7,20.7,0.0,Monkey Bite Esports,8.7,7.9,11.1,22.7,5.6
ErK,0.7,146.3,0.7,91.0,17.3,21.3,Q CALOR E ESSE,14.7,26.4,9.3,8.3,7.2
EscO,1.3,260.9,1.5,163.8,13.4,0.0,King's Man,97.7,98.1,96.8,1.8,82.1
Eshotz,0.9,202.5,0.9,136.1,22.3,24.6,Unknown,66.9,47.4,71.2,33.1,54.8
Esperanza,1.0,188.9,1.0,124.6,34.4,16.7,DAMWON Gaming,51.4,69.1,50.7,94.1,71.2
Estrella,1.2,239.3,1.3,158.0,30.1,16.4,Incheon On Sla2ers,93.2,93.8,94.7,83.0,98.1
Ethan,1.0,197.9,1.0,130.3,24.1,21.4,NRG Esports,61.4,68.5,60.9,47.2,61.9
Eugene,0.8,173.7,0.8,118.0,29.8,42.2,DAMWON Gaming,35.4,37.1,40.2,81.7,46.4
Euphoric,0.4,120.5,0.3,87.1,23.4,0.0,604,5.3,2.6,7.6,41.2,6.6
Evade,0.6,171.0,0.5,124.0,23.0,0.0,Omni Performance SD,32.6,8.1,49.6,38.2,26.1
Evilkyk,0.9,178.4,0.9,115.9,28.3,20.3,Galaxy Carrots,41.0,49.0,37.3,74.9,49.0
Excali,1.1,217.6,1.2,143.6,27.2,11.0,Enigma Gaming,81.1,85.6,82.4,69.1,89.9
ExciteMVP,1.1,200.0,1.1,133.8,19.9,22.7,afterMath Esports,64.1,78.7,67.0,18.3,58.5
ExiA,0.9,175.0,0.9,116.9,25.3,16.0,SPEAR GAMING,36.6,50.6,38.7,56.2,42.8
Exotic,0.9,206.3,1.0,140.0,31.0,0.0,AVESTA,70.4,59.6,77.2,86.2,81.8
EzTevão,1.1,247.0,1.2,153.7,24.3,12.7,Virtual Anarchy,95.4,81.2,92.3,49.4,90.1
Ezio,0.6,104.7,0.4,75.9,35.2,22.9,Paradise Esports,3.0,4.3,3.8,95.7,18.8
FAME,0.5,131.7,0.5,91.3,21.0,0.0,AE Ravenous,8.5,6.5,9.5,24.9,5.4
FAMOUS,0.8,209.7,1.0,130.6,32.3,0.0,mozzy,73.6,57.2,61.5,89.6,77.2
FIEND,1.1,219.8,1.3,140.1,17.2,16.5,ADHD,82.8,95.0,77.4,8.1,70.5
FNSIR,0.7,144.0,0.5,102.0,20.0,0.0,Runaway,13.4,11.0,18.0,18.9,7.8
FOX,0.8,197.7,0.8,130.0,39.0,0.0,Optimistic eSports,60.9,34.9,60.3,98.3,67.9
FREY,1.0,216.4,1.2,138.8,22.5,12.1,Gaimin Gladiators,79.9,82.0,75.2,34.6,73.7
Fable,0.7,175.7,0.6,122.6,27.4,6.9,RIT Orange,37.7,19.1,46.8,70.5,40.3
Faelzin,1.0,192.0,0.8,130.0,19.0,17.0,Team Brave Soldiers,54.8,37.8,60.3,14.1,38.0
Fallenfour,0.9,233.1,0.9,148.0,24.9,19.7,GodSpeed Gold,90.5,46.4,87.9,52.8,75.9
Famouz,1.0,217.5,1.1,145.6,19.6,14.9,BOOM Esports,80.8,74.1,85.3,16.4,68.5
Fantasy,0.7,155.9,0.7,101.9,26.0,5.2,Team T5,20.2,24.4,17.7,61.7,24.3
Fasi,0.8,197.7,0.8,121.6,19.9,27.7,Jit Lickers,61.0,43.0,45.5,18.2,38.2
Fatmarino,1.1,228.3,1.3,149.5,25.7,13.6,Bomb Crypto,88.2,90.9,89.2,59.4,92.4
Fedrigues,0.7,145.0,0.5,98.3,31.0,0.0,The Plain,13.7,11.5,14.9,86.2,25.2
FeeLZ,1.1,231.0,1.3,149.0,22.6,30.0,SE Necrosis,89.5,94.8,88.8,35.0,86.7
FeedItToEmHammy,0.5,173.7,0.6,125.0,19.3,0.0,NANO,35.3,12.8,51.4,15.7,21.3
Felix,1.0,175.0,1.0,118.6,23.5,11.6,Desperado,37.0,65.5,40.9,41.8,43.7
Felps,0.7,127.7,0.5,89.3,28.0,26.0,experientGG,7.1,11.7,8.6,73.0,17.0
Feniz,1.1,230.7,1.2,154.9,26.7,9.5,E-Xolos LAZER,89.2,89.9,92.9,65.9,94.4
Ferret,0.4,77.0,0.4,54.3,12.3,0.0,TRD,0.7,3.7,0.5,1.1,0.5
FiNESSE,0.9,163.5,0.8,108.4,20.7,10.2,OpTic Gaming,25.7,42.7,25.3,23.3,21.8
FierceMantis,0.3,76.0,0.1,61.3,15.7,0.0,Huh,0.6,0.1,1.3,4.7,0.5
FireBallOps,1.0,212.7,1.0,144.4,23.3,18.3,Built By Gamers Academy,76.4,64.1,83.6,40.7,71.0
Firee,0.6,158.3,0.7,99.0,19.0,0.0,BLC,21.8,19.9,15.4,14.1,9.5
Fisker,0.9,229.6,1.0,142.3,27.3,9.5,FAV gaming,88.7,61.8,80.8,69.5,84.5
Flame,0.5,152.0,0.5,107.0,26.0,0.0,The Chads,17.7,8.1,23.2,61.7,20.0
Flanks,0.4,100.8,0.3,71.4,23.4,0.0,Team AIYA,2.5,2.3,2.9,41.3,5.2
Flash,0.8,162.0,0.8,109.0,23.8,28.2,Rex Regum Qeon,24.5,31.3,25.9,43.9,24.8
Flica,1.1,222.9,1.1,140.7,21.9,44.8,Paradise Esports,84.7,72.1,78.0,30.6,71.2
Flippsy,0.9,182.0,1.0,124.8,32.2,16.7,Solstice Esports,44.6,60.5,50.9,89.1,64.8
Floatqq,0.7,136.6,0.8,94.8,20.0,3.3,Ghetto Artist,10.1,32.4,11.7,18.9,9.8
Flonson,1.0,215.8,1.0,146.0,25.9,30.6,Northern Forces,79.2,56.8,85.8,60.4,77.3
Flow Style,0.8,197.8,0.8,127.1,28.3,0.0,Flow e Amigos,61.1,39.9,55.4,74.6,59.5
Flynch,0.9,200.6,0.9,132.4,22.2,13.1,Persija Esports,65.0,52.7,64.6,32.7,53.4
Fox,0.3,94.3,0.3,66.3,10.3,0.0,BRICKEDUP,1.7,1.3,2.0,0.6,0.4
Foxy,1.1,219.7,1.2,146.1,21.6,7.8,Virtual Anarchy,82.7,87.2,86.0,28.7,78.3
Foxy9,1.1,258.3,1.2,159.7,26.3,21.0,REIGNITE,97.3,81.4,95.5,63.9,94.4
Fr0g,1.0,221.0,1.1,144.9,20.2,15.9,Warriors Esports,83.4,71.6,84.1,20.0,69.1
Fractured,1.2,235.5,1.4,154.5,22.0,13.0,Up Next,91.6,96.5,92.8,31.4,88.1
Frax,0.7,152.5,0.6,99.5,18.5,0.0,PC,18.1,17.2,15.7,12.1,8.1
Fraxert,1.0,216.0,1.0,146.7,32.3,0.0,Academy Gaming,79.4,64.9,86.5,89.6,90.5
Frebik,1.1,177.6,1.0,124.0,21.1,18.3,Clarity Esports,39.9,66.5,49.6,26.1,42.8
FrostByte,0.8,169.9,0.8,108.1,21.9,39.9,Conquest Esports,31.2,35.2,24.7,30.7,23.6
Frosty,0.9,160.1,0.9,108.0,33.0,16.5,Knights,23.2,49.1,24.5,91.8,44.7
FudgeyB,0.6,151.4,0.6,106.0,28.9,0.0,Bababooey,17.4,16.6,22.0,77.6,27.6
Fung3,0.9,173.6,0.9,117.9,32.3,27.9,Griffin E-Sports,35.2,52.1,40.1,89.8,54.2
FunnyZ,1.0,192.9,0.8,123.0,18.8,24.4,Able Esports,55.7,40.6,47.6,13.0,34.6
Fuqua,0.6,167.4,0.6,110.0,21.7,0.0,Team TriVec,29.1,16.1,27.0,29.2,17.2
FuriouzMeow,0.8,169.6,0.8,106.6,19.4,24.2,Oblivion Force,30.9,41.1,22.7,16.1,19.9
Fury,0.9,180.4,0.9,115.3,19.7,0.0,SE Necrosis,43.1,48.5,36.1,17.4,31.3
Future,0.8,173.6,0.7,115.3,26.9,14.0,18again,35.2,29.3,36.2,67.2,38.2
GANGAZI,1.0,193.6,1.0,137.9,27.4,6.7,Team LuZi,56.9,55.8,74.1,70.3,68.5
GIYA DYB,0.9,190.0,0.9,133.0,27.0,0.0,Illumina Blue,52.8,54.6,65.6,67.8,62.8
GLYPH,0.9,180.2,0.9,119.2,25.3,22.0,Chapter 4,42.7,48.6,41.9,56.6,45.2
GODLIKE,0.9,162.0,0.9,107.6,28.6,12.8,World Game Star,24.7,46.6,24.1,76.3,39.4
GODZSTER,0.8,173.4,0.8,116.4,24.3,22.1,GONJO,35.1,35.4,38.1,49.0,34.7
GOLD,1.1,185.2,1.2,123.4,31.0,17.1,F4Q,48.1,83.7,48.4,86.2,71.9
GSB,0.7,175.1,0.7,122.4,28.0,0.0,James Madison University,37.1,25.2,46.6,73.0,42.7
GSJ,0.5,118.0,0.4,73.7,12.3,0.0,Jellyspotters,4.9,6.2,3.3,1.1,1.0
GSilent,1.0,214.9,1.2,141.0,21.0,5.6,Maruti Peek,78.3,87.6,78.7,25.7,73.1
GTX,0.8,155.8,0.7,108.4,18.0,14.8,nice try,20.1,20.3,25.2,10.5,10.7
GUIms,0.7,158.0,0.6,104.0,22.0,0.0,Raiju e-sports,21.5,17.4,20.0,31.4,13.9
GUKBAP,0.5,175.0,0.6,112.0,16.3,0.0,1TK,36.8,13.0,30.8,6.0,13.1
Gabs,1.0,199.0,1.1,131.0,23.2,10.5,TEAM BGS,62.9,79.7,62.3,40.5,64.8
Gad,0.6,157.0,0.5,103.2,17.8,0.0,HCK CIBORGS,20.8,10.1,19.1,9.7,7.5
Gaiava,0.9,175.1,0.9,121.1,29.8,10.8,tropa da realeza,37.1,49.3,44.8,81.8,52.7
Galaxy,1.2,232.2,1.3,147.3,26.5,24.6,Team LuZi,90.2,91.1,87.2,65.5,93.7
GamKa,0.8,172.2,0.7,115.5,21.6,14.6,Straight Warfare,33.9,28.3,36.7,28.7,25.6
Gangdu,0.8,138.8,0.7,99.8,30.6,6.7,Amollang,11.2,20.8,16.1,85.2,27.5
Gatie,0.8,216.0,0.8,139.0,24.0,0.0,NANO,79.4,43.5,75.4,46.3,64.6
Gcxxi,1.1,227.1,1.2,141.3,25.9,20.9,Nation Gaming,87.3,90.0,79.5,60.9,89.8
Gelo,0.8,143.0,0.6,110.3,21.3,0.0,Lucky Cat Gaming,13.0,12.4,27.9,26.9,11.4
Geminii,0.7,199.0,0.7,128.0,34.0,0.0,S4-GE,62.9,23.7,56.7,93.6,61.6
Genghsta,1.1,201.8,1.1,137.3,27.9,15.3,Knights,66.3,80.8,73.3,72.4,81.5
GeomJeonG,0.8,187.4,0.8,120.6,18.4,0.0,REIGNITE,50.1,32.0,43.9,11.5,28.6
Georggyyy,1.0,246.0,1.1,157.0,18.8,6.2,Action PH,95.3,73.4,94.2,12.9,75.3
Ghanee,0.6,163.0,0.5,106.0,34.0,0.0,Fitoor Esports,25.4,9.1,22.0,93.6,32.7
Ghost,0.7,172.0,0.7,117.9,31.1,0.0,tryouts,33.7,23.0,40.1,86.7,43.2
GhostMeister,0.7,167.6,0.7,107.3,22.8,0.0,Discord Kittens,29.3,22.4,23.6,36.5,20.5
Ghoulish xo,0.6,159.7,0.5,110.7,26.3,0.0,nerd emoji,22.6,11.8,28.4,63.9,25.4
Gibbsy,0.7,193.0,0.7,127.0,8.0,0.0,Team 12,56.0,21.3,55.0,0.3,27.4
Ginilson,1.1,217.5,1.1,139.8,24.5,32.7,Agropesca Jacare,80.8,72.8,76.7,50.4,76.9
Gioh,0.9,162.0,0.7,108.3,27.3,24.3,Bounty Hunters,24.5,21.2,25.1,69.9,29.7
Givas,1.0,199.6,1.0,136.1,25.2,21.5,Astro Esports,63.5,62.8,71.1,55.5,67.2
Gle1n,1.1,250.2,1.2,163.9,21.2,8.4,Os Selvagens,95.9,88.7,96.9,26.4,86.7
GodDead,1.0,203.1,1.2,132.0,23.2,15.3,Incheon On Sla2ers,67.3,82.8,63.8,40.3,67.7
Godsanity,0.8,175.6,0.8,115.1,17.6,9.3,Last Resistance,37.5,32.5,35.9,8.8,21.2
Gohsting,0.8,196.0,0.9,124.3,25.0,0.0,Acris Esports,59.2,43.9,50.2,54.1,50.9
Gokster1,0.9,216.4,1.0,147.7,26.3,12.4,Neebs and Weebs,79.9,60.4,87.6,63.4,81.2
GoonGuy,0.4,127.6,0.4,84.0,27.2,44.3,RIT Orange,7.1,6.0,6.0,69.0,13.3
Governor,1.0,218.0,1.2,144.4,24.5,20.2,Complexity,81.5,84.0,83.5,50.5,84.0
GrEEnY,0.9,224.3,1.1,136.7,31.0,0.0,Amigos Esports,85.8,76.4,72.2,86.2,90.5
GraM,0.7,144.0,0.5,87.0,24.0,20.0,Team TriVec,13.4,10.5,7.4,46.3,10.9
Grifdy,0.7,162.5,0.7,106.6,32.8,0.0,Bababooey,25.1,22.9,22.7,91.0,36.2
GrimR,0.3,129.0,0.4,88.0,29.0,0.0,CG,7.6,3.6,8.0,78.4,16.0
GuNNeR,0.9,154.8,0.9,101.3,26.5,20.0,Salt Esports,19.4,49.7,17.4,65.1,33.1
Gucci,0.4,118.0,0.4,80.0,28.3,0.0,Team AIYA,4.9,3.5,4.9,74.9,13.4
GuhRVN,1.2,211.6,1.3,142.4,23.6,26.3,OIP,75.3,94.0,80.9,42.4,81.5
GuiMa,1.1,198.1,1.1,126.7,24.2,24.7,Só Deus Sabe,61.9,72.0,54.2,48.3,61.4
Guigz,0.8,131.9,0.7,86.4,21.4,5.0,4 ruim e 1 ruim,8.5,25.7,7.0,27.4,8.8
Gunny,0.9,175.0,0.8,117.6,19.7,10.5,Red Eyes,36.8,42.5,39.8,17.5,28.4
GwangUh,0.9,164.1,0.8,108.8,29.5,10.5,Tartarus,26.5,40.3,25.7,80.7,39.9
H0ned,0.4,113.0,0.4,80.7,23.3,7.3,Patriots,4.2,3.5,5.1,41.0,6.1
H1ber,1.0,233.4,0.9,154.1,20.1,0.0,FNATIC,90.5,47.4,92.7,19.7,66.5
H3cticC,0.7,171.0,0.7,113.0,16.0,0.0,ChillinWithFriends,32.6,29.2,32.0,5.2,16.5
HANN,1.1,241.5,1.2,157.9,23.9,8.6,World Game Star,94.0,81.6,94.7,45.0,88.9
HARRYPOTTE,0.7,172.0,0.7,102.0,28.0,14.0,Exotic,33.7,29.2,18.0,73.0,33.8
HAXXA,1.1,240.0,1.2,152.3,23.3,30.7,AVESTA,93.5,86.8,91.5,41.0,88.2
HIA,1.1,236.0,1.1,151.7,33.1,14.7,Cosmic Divide,91.8,78.4,90.9,91.9,96.9
HIKAHIKAH,0.6,154.0,0.6,101.0,25.0,14.0,MEW2,19.0,13.4,17.0,54.1,17.9
HSB,1.1,204.0,1.2,133.2,28.1,12.7,Team Exploit,68.2,88.4,66.1,74.0,82.8
HUDFAME,0.9,213.1,1.0,137.1,29.9,46.4,Crownless,76.9,64.3,73.0,82.0,82.6
HUYNH,1.1,208.0,1.3,134.3,20.2,7.3,Clanless,72.0,92.1,67.7,20.1,67.0
HZZ,0.9,185.3,0.9,124.1,30.8,14.3,Team Inv,48.2,49.8,49.8,85.6,60.3
Hades,0.6,171.0,0.6,115.3,23.7,0.0,Bounty Hunters,32.6,13.4,36.2,43.0,24.7
Hagon,1.0,241.3,1.0,157.8,44.6,0.0,Griffos E-Sports,93.9,69.3,94.6,99.5,97.5
Halbae,1.0,207.1,1.1,136.5,30.6,10.1,World Game Star,71.2,75.9,71.8,85.2,85.4
Haodong,1.0,176.2,1.0,115.3,27.1,12.6,EDward Gaming,38.4,66.2,36.3,68.4,51.6
Hard,1.1,222.8,1.2,149.4,25.2,12.8,Kaiser Thane,84.6,82.6,89.2,55.7,87.9
Harmon,1.1,209.1,1.3,140.2,27.3,20.0,Lenny Time,73.1,92.2,77.5,69.4,88.0
Harmony,0.5,136.6,0.5,89.3,27.0,0.0,Panda Party,10.1,8.4,8.5,67.8,15.0
Harry,1.1,201.4,1.2,133.1,27.6,24.6,HolyMolly,66.1,87.7,65.9,71.2,80.8
Has1ra14,1.1,206.6,1.3,136.9,24.2,7.9,CNJ Esports,70.6,92.1,72.5,48.1,77.8
Hashy,0.3,99.7,0.3,69.0,19.7,0.0,E ISSO MEMO,2.3,2.4,2.5,17.1,1.7
Hate,1.0,157.2,0.9,105.9,38.8,16.6,DAMWON Gaming,21.0,51.7,21.8,98.1,45.9
Hati,1.0,230.3,1.0,155.9,31.1,37.0,Aquele lá,89.1,63.4,93.5,86.8,93.5
Hatz,0.8,218.0,1.0,129.3,29.3,12.7,Fear Legends,81.4,62.4,59.3,79.8,77.6
Hawk,0.8,164.9,0.8,106.6,26.1,22.6,Dallas Vendetta,26.8,33.1,22.7,62.8,31.3
Haxball,1.0,170.9,0.9,115.3,23.1,3.7,VPZ,32.4,54.7,36.1,39.5,36.7
HazzeR,0.2,102.0,0.3,61.3,33.3,0.0,Ego peekers,2.6,1.6,1.3,92.3,16.2
Heart,1.0,171.3,1.0,115.8,24.9,27.8,Utah Bless,33.1,63.5,37.1,53.0,44.1
Heartless,0.9,165.7,0.8,111.3,20.3,17.7,7Krascent,27.4,41.3,29.6,20.9,22.6
Heeman,1.1,207.4,1.2,141.2,28.0,25.3,NOGAS Esports,71.4,87.4,79.3,73.0,87.5
Heero,1.0,192.9,1.0,127.5,19.0,11.0,Northern Forces,55.7,61.4,56.0,14.1,44.3
HellBOY,1.2,261.4,1.4,170.8,31.2,22.2,4 ruim e 1 ruim,97.9,96.1,98.4,87.0,99.4
HellFull,0.8,185.6,0.8,110.2,20.3,9.1,FUSION,48.4,38.9,27.3,20.9,28.3
HellrangeR,1.0,176.1,1.1,117.8,30.4,22.0,Global Esports,38.2,75.9,40.0,84.4,62.0
Henr12,0.5,106.3,0.4,72.0,35.7,11.3,HCK CIBORGS,3.1,3.0,3.0,96.1,18.5
Her1s,0.9,176.9,0.9,121.3,28.3,9.5,Amollang,39.3,48.9,45.0,74.5,51.0
Hermes,1.0,200.4,1.1,129.2,23.0,10.7,F4Q,64.9,70.4,59.2,38.9,60.3
Hermione,1.0,200.9,1.0,139.8,23.2,27.2,M1syl and friends,65.5,56.3,76.7,39.8,62.0
Hernando,0.9,169.8,0.8,107.1,15.3,15.1,RILLAS,31.1,39.6,23.4,3.8,16.3
Hexis,0.6,176.3,0.6,114.3,23.3,0.0,Aurelius Esports,38.6,18.1,34.4,41.0,27.1
HiiiK,1.1,193.7,1.1,120.7,33.1,0.0,OS GURI DA GERAL DO GREMIO,57.0,77.2,44.1,92.0,73.2
Hiko,1.0,179.1,1.0,123.7,28.8,7.2,100 Thieves,41.4,55.8,49.0,77.4,56.6
Hinata,0.6,103.0,0.4,69.7,26.7,16.7,E ISSO MEMO,2.8,4.9,2.6,65.9,10.7
Hinggu,0.8,152.4,0.7,106.6,21.8,13.1,KPZ,18.1,29.8,22.8,30.1,17.1
Hippity,0.8,212.0,0.8,130.7,33.3,0.0,TRD,75.9,32.3,61.7,92.3,70.1
Hira,1.0,210.6,1.1,134.0,19.2,20.0,Team Rocket,74.4,71.1,67.4,15.1,58.4
Hitsu,0.3,76.0,0.2,57.0,35.0,0.0,tropa da nina,0.6,0.6,0.7,95.2,15.9
Hmzzz,0.5,98.0,0.3,74.0,37.0,0.0,GotyPeeks,2.2,1.9,3.3,97.2,18.2
HoTn3ws,0.8,87.1,0.6,64.8,17.7,31.6,m.eS Revolutionary Gamers,1.1,15.3,1.7,9.2,2.1
HoYeon,1.0,200.4,1.1,135.2,24.4,13.5,oFby,64.8,74.0,69.4,49.6,68.7
Hoax,1.0,126.0,0.9,107.3,18.9,4.3,Team Valor,6.6,48.8,23.8,13.3,14.4
Hoellywood,0.7,171.0,0.7,116.4,18.9,0.0,Conquest Esports,32.6,21.1,38.1,13.2,18.4
Honest,0.7,197.7,0.7,127.9,16.9,0.0,Omnipotent Gaming,61.0,30.0,56.5,6.9,33.9
Hoochu,0.7,213.2,0.7,133.5,16.8,0.0,WNF Esports,77.0,27.4,66.8,6.8,41.7
Hopper,1.0,188.1,1.0,127.9,31.4,12.4,afterMath Esports,50.7,66.9,56.5,87.3,69.9
Hoppin,0.9,203.8,0.9,131.7,29.2,43.2,Carpe Noctem,68.0,44.3,63.4,79.0,67.9
Hoshi,0.4,127.7,0.4,85.0,26.7,0.0,Ego peekers,7.1,2.8,6.4,65.9,12.0
Huesvein,0.7,162.0,0.6,113.7,18.3,0.0,Team 12,24.5,14.7,33.3,11.3,12.2
Huntah,0.7,184.5,0.7,123.1,18.4,0.0,RIT Orange,47.2,21.8,48.0,11.5,26.0
Huston,1.2,222.2,1.3,148.7,16.1,29.0,YFP Gaming,84.4,94.3,88.4,5.6,74.1
HyPer,0.9,220.0,0.9,145.0,30.0,0.0,M42 Esports,82.9,54.6,84.4,82.6,85.6
Hydrangae,1.0,172.8,1.1,119.0,22.2,3.9,Team LuZi,34.3,73.7,41.5,32.5,42.7
Hydroxic,0.7,173.1,0.7,116.7,20.7,4.7,BaddiesOnVal,34.9,21.3,38.4,22.7,22.0
Hyuji,0.8,200.9,0.8,132.3,23.5,10.5,GRN Gaming,65.4,40.2,64.4,42.0,52.4
Hyzee,1.0,183.5,0.9,122.0,28.1,19.4,Fancy United Esports,46.4,51.1,46.1,73.6,54.2
IDAZAAA,0.7,196.0,0.8,123.0,17.0,33.0,Expect Nothing,59.2,31.8,47.6,7.5,31.7
IF,0.9,193.6,0.9,129.8,23.8,5.4,AF,56.8,49.7,60.1,44.2,52.0
INTER,0.9,170.0,0.8,109.4,26.6,24.4,Team Rocket,31.5,34.1,26.3,65.6,34.7
ISA,1.1,199.4,1.0,130.7,22.6,19.5,Kaiser Thane,63.4,61.5,61.8,35.3,56.0
ISh karaka9,0.6,126.0,0.6,92.0,29.8,0.0,PC,6.6,13.8,10.2,81.6,20.6
IceBear,0.9,177.9,0.8,120.7,18.9,10.9,LEVEL UP,40.3,37.0,44.1,13.4,28.1
Igaum,1.1,200.4,1.4,131.6,20.4,16.2,puGG,64.9,96.8,63.3,21.2,65.0
Ignite,0.4,130.7,0.4,80.4,13.2,0.0,GodSpeed Gold,8.2,6.2,5.1,1.6,1.4
ImBlue,0.9,205.7,1.0,144.0,31.8,0.0,Team Mystic,69.9,57.3,82.8,88.2,83.6
ImJustDevin,1.0,175.0,1.0,116.7,30.3,5.4,Nation Gaming,36.8,56.2,38.4,83.7,53.5
ImMuTable,0.9,207.0,1.1,146.0,37.0,0.0,Optimistic eSports,71.0,71.9,85.8,97.2,91.8
Impact,0.8,188.0,0.8,123.9,14.8,17.4,Egnis.kr,50.6,34.7,49.3,3.3,28.8
Imskiboski,0.8,195.8,0.8,130.2,29.5,4.1,Team MystiC,59.0,43.3,60.8,80.8,64.3
InFight3R,0.7,170.7,0.7,120.0,19.0,14.3,MCC,32.1,23.4,42.9,14.1,20.7
Insanity,0.8,187.0,0.8,125.4,21.4,10.6,Phoenix2,49.8,30.3,52.1,27.2,35.6
Irel,1.0,177.8,1.0,122.2,29.5,26.5,GyuBeueumJang,40.1,56.3,46.4,80.8,56.5
Iroo,0.6,182.8,0.6,122.9,24.6,6.9,Eros,45.8,18.3,47.4,51.0,36.6
IsA,0.9,180.9,0.9,119.2,24.8,22.9,Early Access,43.5,47.6,41.8,52.6,43.8
Izzy,0.9,204.5,0.9,134.3,22.9,2.8,Papara SuperMassive,68.8,50.6,67.7,37.0,56.9
J0J0,0.8,194.0,0.8,125.2,24.0,14.5,Team MystiC,57.2,33.5,51.9,46.3,44.9
J0MS,0.8,193.3,0.9,125.0,31.0,0.0,Bear Minimum,56.4,48.1,51.4,86.2,63.6
J13,0.7,148.0,0.7,97.8,31.9,14.0,Carpe Noctem,15.5,26.2,14.3,88.5,31.0
JA,1.0,213.4,1.0,136.8,25.0,15.1,South Built Esports,77.2,68.6,72.4,54.1,74.0
JAGUAR,0.7,170.7,0.7,113.3,19.0,16.7,FIRST PIECE,32.1,20.4,32.6,14.1,16.6
JDY,0.9,182.3,0.9,121.4,26.0,9.9,Egnis.kr,45.2,51.5,45.3,61.7,49.5
JDawnX,0.6,138.0,0.5,97.3,23.4,7.1,Panda Party,10.8,7.9,14.0,41.5,10.0
JEFFREY,0.9,217.6,1.0,144.9,20.4,13.9,EDO TENSEI,80.9,60.8,84.2,21.7,65.5
JJaeS,1.0,222.0,1.0,143.0,22.0,9.0,Fiat Lux,84.1,57.0,81.7,31.4,67.8
JJos,0.6,112.0,0.4,67.0,19.0,11.0,1Rule,4.0,5.6,2.1,14.1,1.9
JN,0.8,109.0,0.7,90.0,24.3,0.0,Team Valor,3.6,26.5,8.9,49.4,13.4
JSIN,0.8,210.0,0.8,130.8,29.2,0.0,Pasquallys Pizza Posse,73.9,41.7,61.9,79.2,68.4
JSP,0.9,179.2,0.9,121.1,27.8,4.4,Solstice Esports,41.6,47.2,44.8,71.8,50.1
JSS,0.7,184.2,0.7,119.4,20.4,7.6,nice try,46.9,30.1,42.1,21.4,29.6
JSUNG,1.1,216.4,1.2,149.0,34.5,22.9,NYFU,80.0,89.4,89.0,94.2,96.8
JSauls,0.7,162.8,0.7,103.7,20.7,12.9,Dallas Vendetta,25.2,23.6,19.6,22.4,14.1
JULIA,0.4,120.0,0.5,81.0,34.0,0.0,Immortals,5.2,6.9,5.2,93.6,20.1
JUST_IN,0.9,167.7,0.9,120.7,22.7,6.0,Project A,29.4,45.0,44.0,35.7,33.9
JaCrispy,0.8,159.8,0.7,107.3,42.1,18.6,Mizzou Esports,22.7,24.0,23.6,99.2,38.9
JaXe,1.0,216.8,1.1,137.1,22.5,17.8,Early Access,80.3,72.0,73.0,34.8,69.3
Jady,0.9,170.7,0.9,111.1,29.6,14.2,M3 Champions,32.2,48.7,29.4,81.0,45.5
Jaguar,0.7,167.0,0.7,113.7,30.3,14.0,7Krascent,28.8,20.9,33.3,84.2,38.0
Jamal,1.0,241.0,0.9,151.3,23.7,0.0,Cloud Nein,93.8,49.3,90.6,43.0,75.6
Jamppi,1.0,209.3,1.1,134.5,27.2,20.4,Team Liquid,73.1,72.9,68.2,69.2,77.9
Jan,1.1,184.4,1.2,123.8,25.6,15.0,Next eSports,47.1,82.8,49.1,58.4,61.8
Jang Kong,1.0,187.6,1.0,121.3,19.8,11.5,Lone Way E-SPORTS,50.2,61.6,45.1,17.7,40.4
Jangler,1.0,163.9,1.0,106.2,25.9,18.0,BASILISK,26.2,62.0,22.3,60.6,39.2
Jango,0.6,140.0,0.6,93.0,9.0,11.0,The Chads,11.8,15.8,10.7,0.4,3.4
Jannuzz1,0.3,92.0,0.3,61.3,46.7,0.0,tropa da nina,1.5,1.0,1.3,99.8,17.9
Jante s Law,0.8,190.2,0.8,135.8,24.0,0.0,Imaginary Savior,53.1,30.6,70.4,46.3,48.4
Japa,0.7,151.0,0.5,102.0,26.0,0.0,Cyclonados,17.2,11.0,18.0,61.7,19.0
Jasper,0.5,145.0,0.6,92.0,35.0,0.0,AE Ravenous,13.7,13.0,10.2,95.2,27.2
Jasprr,0.3,107.0,0.3,73.0,23.8,0.0,Roulette,3.2,2.6,3.2,44.3,6.0
Jaum,0.4,87.7,0.3,60.0,6.0,0.0,bolinha de golfe,1.2,1.1,1.0,0.1,0.2
Jay,0.6,123.5,0.5,83.1,19.5,19.1,Moonrise Black,6.0,8.8,5.7,16.3,3.0
JazzyB,1.1,219.4,1.2,140.8,19.9,32.5,Northern Forces,82.5,86.6,78.5,18.4,71.5
Jazzyk1ns,1.0,222.5,1.0,146.8,22.4,15.0,Cloud9 White,84.5,68.5,86.7,34.4,74.5
JeH,0.8,152.5,0.8,99.0,23.0,11.5,MEETWO,18.1,32.3,15.4,38.2,17.9
Jeba,0.9,191.6,0.9,123.1,25.1,20.9,RILLAS,54.2,49.9,47.9,55.2,50.7
JellyYo,0.4,156.0,0.5,101.0,31.0,0.0,Burger Gaming,20.3,9.1,17.0,86.2,27.3
Jemkin,1.0,227.2,1.0,149.3,28.4,18.3,BLUE BEES.ESP,87.5,59.8,89.1,75.2,87.7
Jeong Hi,1.0,188.5,1.0,124.0,22.0,18.5,Maru Gaming,51.0,61.7,49.5,30.8,46.0
Jeorge,0.7,185.1,0.8,125.3,17.1,0.0,DawN,48.0,42.0,52.0,7.9,32.6
JerRy,1.0,227.2,1.0,151.7,16.2,10.0,Team Rocket,87.5,57.7,90.9,5.7,63.4
Jerado,0.7,164.0,0.7,107.0,28.0,0.0,Pulsar Red,26.3,23.7,23.2,73.0,31.8
Jerk,1.0,194.3,1.2,129.4,17.7,24.1,YFP Gaming,57.8,88.0,59.5,9.3,53.2
JessieVash,1.0,201.3,1.0,135.1,28.6,18.7,Team Secret,66.0,63.5,69.2,76.1,74.9
JettZer0,0.7,181.7,0.8,113.7,19.0,0.0,Runaway,44.1,35.0,33.3,14.1,25.3
JiGun,0.6,149.3,0.6,95.5,24.0,11.7,EterNal,16.1,15.2,12.2,46.3,13.7
JimmyJam,1.0,186.0,1.1,128.0,19.7,25.0,UnitedERA,49.0,75.2,56.7,17.1,47.6
Jinboong,1.0,194.9,1.1,128.7,34.6,16.9,HolyMolly,58.3,74.2,58.0,94.5,78.4
Jing,0.5,112.3,0.4,76.7,37.7,50.0,StayHydrated,4.1,5.8,4.0,97.5,20.3
Jinggg,1.1,245.4,1.1,158.9,21.3,15.1,Paper Rex,95.1,78.1,95.3,26.6,82.2
Jinnie,0.8,175.8,0.8,116.8,23.3,8.5,Hyperspace Dark,37.8,40.7,38.6,40.6,34.8
Jinsoo,0.8,168.2,0.7,111.8,30.8,0.0,Acacia,29.9,23.7,30.5,85.6,38.9
Jiren,0.6,180.3,0.7,113.0,20.0,0.0,Monkey Bite Esports,43.0,22.0,32.0,18.9,21.6
JitBoyS,1.0,207.0,1.0,136.9,39.1,2.8,FW Esports,71.0,64.5,72.7,98.4,86.2
Jivix,1.3,281.6,1.5,174.9,24.2,26.7,Salt Esports,99.3,98.4,99.0,47.9,95.4
Jkid,1.0,191.4,1.0,127.5,33.3,15.5,Team T5,54.2,63.9,55.9,92.3,71.8
JoXJo,1.0,183.7,1.0,121.0,25.6,19.4,NORTHEPTION,46.6,65.3,44.7,58.4,53.4
Joey,1.0,225.0,0.9,156.6,25.2,10.1,Conquest Esports,86.1,54.7,93.8,55.7,80.6
John Ham,1.0,187.7,0.9,117.4,20.7,20.4,DawN,50.3,47.3,39.5,23.2,35.9
JohnOlsen,1.4,304.0,1.8,186.4,30.1,16.2,FULL SENSE,99.8,99.5,99.6,83.1,99.5
Jonaaa6,1.2,208.3,1.3,137.0,27.0,20.0,Zero MarksMen Black,72.2,93.9,72.9,67.3,86.1
JonahP,1.0,192.3,1.1,124.3,26.1,8.8,The Guard,54.9,71.3,50.0,62.8,62.2
JoneSs,1.0,158.4,0.9,106.1,25.2,26.9,n0gravity,21.9,52.9,22.2,56.1,33.6
Jonn,0.9,183.0,0.9,119.5,28.2,15.1,Ninjas In Pyjamas,46.1,46.0,42.3,74.0,51.4
Joojina,1.0,168.2,1.1,107.0,22.9,0.0,Gamelanders Purple,29.9,72.1,23.2,37.1,36.5
JotaM,1.0,167.3,1.0,110.3,20.2,17.2,Arca do Plato,29.1,67.5,27.9,20.2,31.1
JpL,1.0,209.4,1.1,136.7,32.7,38.9,Virtual Anarchy,73.2,70.4,72.3,90.7,86.3
Jremy,1.2,239.9,1.3,156.3,22.4,21.6,Team Secret,93.4,92.7,93.6,34.0,88.4
Judgement,1.2,311.0,1.5,201.0,28.7,8.7,Aurelius Esports,99.8,97.5,99.9,76.6,99.1
Julian,1.0,198.0,1.0,135.0,39.0,13.0,afterMath Esports,61.6,67.9,69.0,98.3,82.9
Jun,1.1,216.1,1.2,132.5,25.7,27.5,Veni Vidi Vici,79.6,86.4,64.6,59.6,80.5
Jung,0.6,143.0,0.5,108.7,24.3,0.0,Corn Dogs,13.0,8.5,25.5,49.4,15.5
JuveNN,0.9,168.0,0.7,116.0,36.0,14.0,ChillinWithFriends,29.7,26.7,37.5,96.4,45.3
JuzO,1.0,215.0,0.9,143.0,19.0,14.0,Amigos Esports,78.3,45.8,81.7,14.1,55.3
K1LLERS,1.0,225.2,1.0,144.4,30.7,16.5,Fancy United Esports,86.3,65.4,83.7,85.5,90.6
KARIM,1.2,211.5,1.5,144.8,25.8,36.2,ROLO COMPRESSOR,75.2,97.6,84.0,59.7,89.3
KASMA,1.2,213.7,1.3,137.7,19.0,11.3,OS GURI DA GERAL DO GREMIO,77.4,92.0,73.6,14.1,68.6
KASSIUS,0.7,172.0,0.7,122.0,24.0,0.0,LionHeart,33.7,25.8,46.2,46.3,33.2
KENNY,0.8,180.5,0.7,122.6,16.9,0.0,Zenigma Alpha,43.4,28.0,47.0,7.0,24.7
KHG,0.9,165.1,0.8,110.9,26.9,9.3,Paradise Esports,26.9,36.2,28.8,67.1,35.3
KILLDREAM,1.1,236.5,1.1,152.6,24.5,7.2,Sharks Esports,92.0,78.2,91.5,50.1,87.8
KOLER,1.0,200.4,1.2,133.4,31.6,14.3,Skwirel Warriers,64.8,87.8,66.6,87.7,86.4
KP,0.7,140.3,0.7,97.9,27.5,8.2,Shopify Rebellion GC,11.9,27.5,14.3,70.7,24.6
KTree,1.2,283.0,1.4,168.0,23.0,0.0,Never Miss,99.3,96.4,98.0,38.2,93.3
KXD1,0.9,169.4,0.9,115.4,23.1,0.0,Nameless Esports,30.7,52.8,36.5,39.7,35.6
KXNSTER,0.5,146.7,0.5,101.4,16.7,0.0,Zeal,14.9,10.0,17.4,6.8,5.3
KaChoLife,0.7,128.3,0.6,91.4,32.4,5.0,Royal life,7.5,17.2,9.7,89.9,24.5
Kadoom,1.0,228.6,1.0,145.3,25.1,25.5,Made in Thailand,88.3,68.7,84.9,54.9,82.8
KaiC,0.4,136.0,0.5,96.0,20.0,0.0,Pasquallys Pizza Posse,9.9,7.6,12.7,18.9,5.3
Kakarot,0.9,190.1,0.9,128.2,21.0,14.5,NAOS,53.0,45.9,57.3,24.9,42.4
Kal,1.0,207.0,1.0,130.5,20.0,0.0,Tempest Gaming,71.0,59.8,61.4,18.9,52.2
Kane,0.7,187.0,0.6,132.0,21.0,0.0,Team Opulence,49.8,14.9,64.0,24.9,33.7
Kanove,1.0,250.3,1.0,159.2,21.3,0.0,Utah Bless,95.9,67.9,95.3,26.9,78.7
Kanpeki,1.1,204.9,1.2,132.7,23.2,18.8,Sentinels,69.2,85.0,64.9,39.9,69.0
Kant,1.2,251.4,1.3,164.0,26.4,9.2,Beyond Stratos Gaming,96.1,92.4,96.9,64.7,96.4
Kaoticcc,0.7,190.0,0.7,131.0,20.7,0.0,Chapter 4,52.8,20.1,62.3,22.7,34.9
KappA,1.0,175.4,1.0,123.1,23.9,7.6,Global Esports,37.4,65.7,47.8,45.1,46.8
Karizmah,1.0,161.7,1.0,107.3,15.7,33.0,Vireo.pro,24.1,64.9,23.8,4.7,22.1
Kasche1x,1.0,213.8,1.2,142.0,31.8,4.0,Eclectiq,77.5,81.7,80.3,88.1,92.4
Kaspe,0.7,141.6,0.7,96.4,22.9,2.7,BIG,12.3,24.5,13.2,37.2,13.1
Kasper,0.8,217.0,0.9,146.3,29.0,0.0,Fear Legends,80.6,53.2,86.2,78.4,83.7
Katashio,1.0,203.0,1.1,127.1,23.4,16.6,Zer0 Latency,67.2,69.3,55.4,41.5,60.4
Kauruuu,0.8,182.0,0.7,122.7,17.7,0.0,Team 12,44.6,22.6,47.0,9.2,24.1
Kawaii,0.7,141.7,0.6,100.0,25.3,17.7,Optimistic eSports,12.4,14.7,16.3,57.0,17.0
Kay,0.5,98.0,0.4,80.0,27.0,0.0,Immortals,2.2,4.5,4.9,67.8,11.2
Kayros,0.9,182.4,1.1,121.0,28.8,0.0,Elysium,45.4,73.9,44.5,77.4,63.1
KazuyA,1.0,249.0,1.2,152.7,21.0,11.0,NOGAS Esports,95.8,89.2,91.6,24.9,84.7
Kazzan,1.0,232.5,1.0,160.0,31.8,7.5,StayHydrated,90.3,65.9,95.7,88.1,95.0
Kcaj,0.5,140.0,0.4,95.3,28.7,0.0,SSA,11.8,3.9,12.0,76.6,18.1
Kehmicals,1.1,252.2,1.3,163.9,19.3,19.7,Clanless,96.3,93.2,96.9,15.5,84.9
Keii,1.1,229.1,1.1,145.1,28.4,40.1,Academy Gaming,88.5,75.7,84.7,75.5,91.3
Kenji,0.9,174.2,0.9,110.3,31.4,4.0,Lycus Empire,35.9,49.3,27.5,87.3,48.3
Kenny,1.0,201.3,1.1,133.7,17.3,13.7,Zenigma Alpha,66.0,77.8,66.9,8.3,55.0
KenzmPs,0.7,145.4,0.6,99.9,30.6,5.9,Team Vikings,13.9,19.6,16.1,84.9,28.0
Keria,1.0,181.3,1.0,119.1,24.0,22.2,SPEAR GAMING,43.8,58.0,41.7,45.3,44.9
Kess,0.7,161.7,0.6,110.7,36.7,0.0,Neons Ninjas,24.1,14.9,28.4,97.0,37.3
Keta,0.8,181.0,0.8,134.3,33.7,26.0,onliners,43.6,32.8,67.8,92.9,61.6
Kevzii,0.9,189.7,0.9,129.4,28.0,10.0,NAOS,52.3,50.1,59.5,73.0,60.9
Khaled,0.8,219.2,0.8,148.8,28.2,17.5,StayHydrated,82.3,40.1,88.5,74.4,78.5
Khalil,1.1,190.8,1.1,130.3,27.4,11.8,FURIA,53.6,80.9,60.9,70.3,71.4
Khattak X,1.2,205.0,1.4,134.0,30.3,36.0,Clarity Esports,69.4,95.5,67.4,84.2,89.3
Kib,0.5,118.3,0.5,85.0,23.7,0.0,Explicit,5.0,7.2,6.4,43.0,7.9
Kick,1.1,238.3,1.1,151.0,24.7,0.0,g0gados,92.8,71.5,90.3,51.5,86.1
Kicks,0.5,107.7,0.4,73.3,21.0,0.0,NANO,3.3,3.7,3.2,24.9,3.0
Kiles,0.8,141.8,0.7,96.2,27.4,11.8,Acend,12.5,22.2,13.0,70.4,22.2
Killua,0.8,195.1,0.8,121.0,33.2,0.0,FW Esports,58.5,42.4,44.5,92.1,61.7
KimGyuTae,1.0,201.0,1.1,125.3,16.5,18.0,Desperado,65.6,74.0,52.0,6.2,47.4
Kimito,0.7,146.7,0.7,91.7,28.0,10.0,ONI,14.8,21.6,9.9,73.0,22.6
Kimjunhyun,0.9,169.8,0.9,112.1,25.4,14.0,RAGE eSports,31.0,43.6,31.1,57.7,36.9
King,1.1,210.4,1.3,140.2,29.5,14.5,VIRTUOSO,74.3,92.9,77.4,80.6,91.7
Kintzo,0.4,88.0,0.3,66.3,25.0,0.0,Burger Gaming,1.2,1.0,2.0,54.1,7.1
Kip,0.9,205.0,0.9,142.8,35.5,0.0,Exotic,69.4,51.2,81.3,95.9,83.4
Kiro,1.3,284.9,1.7,180.1,20.3,14.6,MLT Esports,99.4,99.3,99.3,20.9,90.2
Kishi,0.8,195.7,0.9,126.7,26.7,15.4,CERBERUS Esports,58.9,47.0,54.6,66.4,57.8
KitE,0.6,129.8,0.6,88.6,24.0,7.4,Incarnations of Victory,7.8,16.9,8.2,46.3,11.1
Kiuuuu,0.9,215.6,1.0,139.9,29.2,0.0,Oblivion Force,78.9,56.5,76.9,79.3,81.2
Kiwee,0.7,156.1,0.6,100.3,23.7,0.0,Team AIYA,20.4,13.2,16.6,43.6,14.7
Klamran,1.0,199.0,1.2,129.1,31.5,30.2,Free Fall,62.8,81.8,59.0,87.6,81.1
Klaus,0.9,169.8,0.9,110.9,20.4,13.5,KRÜ Esports,31.1,52.3,28.8,21.5,27.7
Klaw,0.5,145.9,0.5,97.2,22.0,12.9,Eros,14.2,9.4,13.7,31.4,8.9
Klay,0.8,166.0,0.7,115.0,27.0,10.0,StayHydrated,27.7,29.2,35.6,67.8,35.8
Klor1ne,0.4,118.0,0.5,80.0,22.0,0.0,Pacific Gaming,4.9,6.9,4.9,31.4,5.0
Knight,1.2,234.2,1.3,152.2,27.1,12.6,KONE eSports Club,91.0,91.0,91.3,68.4,95.2
KnightRider,1.0,224.1,1.1,141.8,31.3,12.7,God Particles,85.6,79.6,80.0,87.2,93.4
Kobalt,0.9,194.3,0.8,127.8,24.4,16.5,Conquest Esports,57.8,38.5,56.4,49.7,49.0
Koli,0.7,183.4,0.8,124.0,24.3,8.4,Aquele lá,46.3,34.6,49.6,49.0,42.0
KondA,1.0,213.4,1.0,146.2,23.8,7.4,Maruti Peek,77.1,59.5,86.1,44.5,72.2
Kookie,1.1,242.0,1.2,158.3,23.3,21.3,ONI,94.2,84.0,94.9,41.0,88.4
Korsonix,1.0,190.8,1.2,126.7,21.4,10.6,AVESTA,53.5,89.6,54.4,27.0,57.1
Kouf,1.0,208.5,1.1,139.9,27.1,21.5,Able Esports,72.3,79.4,77.0,68.6,83.1
Kr1stal,1.0,182.4,0.9,118.7,27.2,15.5,BLUE BEES.ESP,45.3,52.4,41.3,68.7,51.2
Kraken,0.6,135.1,0.5,90.5,18.0,0.0,Goofy Gremlins,9.7,7.8,9.1,10.5,3.1
Krane,1.1,198.8,1.0,128.9,28.4,19.8,SE Necrosis,62.6,56.6,58.6,75.3,67.3
Krieger,0.7,142.9,0.6,96.1,31.6,15.0,Bababooey,12.9,19.1,12.9,87.7,27.3
KriminaL,0.6,140.0,0.5,110.0,27.0,25.0,Fear Legends,11.8,11.0,27.0,67.8,22.1
Krinklebein,0.7,160.0,0.6,110.3,23.0,18.3,Mizzou Esports,23.0,16.6,27.9,38.2,18.6
Krisheyyyyyyy,0.6,123.7,0.5,83.3,19.0,0.0,Team 12,6.0,11.7,5.7,14.1,3.2
Krypto,0.5,112.7,0.4,71.3,23.0,0.0,Team AIYA,4.2,2.9,2.9,38.2,5.0
Kshow,1.0,204.6,1.1,131.9,29.8,7.4,Astro Esports,68.9,75.6,63.7,81.8,80.3
Ksiaze,1.3,278.1,1.5,171.1,25.7,42.8,BASED,99.1,97.8,98.4,59.6,97.2
Kuaresma,1.2,199.3,1.4,130.4,29.2,13.3,Solstice Esports,63.3,96.6,61.1,79.1,84.3
Kucf,1.1,189.4,1.4,126.2,26.2,29.3,Union Gaming,52.0,95.3,53.3,63.0,70.8
Kurama,0.8,163.2,0.7,105.6,17.6,0.0,Northern Forces,25.6,26.3,21.5,9.0,12.0
Kush,1.1,237.0,1.2,149.6,25.7,20.9,Alter Ego,92.2,87.3,89.3,58.8,92.3
KuuKai,0.7,185.0,0.8,124.3,33.0,0.0,CREST GAMING Zst,47.8,35.0,50.2,91.5,57.1
Kuya,0.7,173.6,0.7,109.1,12.8,0.0,Team Flux,35.2,23.2,26.0,1.3,12.8
Kveiti,0.6,139.0,0.6,86.4,24.0,0.0,SLODI REPUS,11.3,12.6,7.0,46.3,10.9
Kyojin,0.9,190.4,1.0,125.0,35.9,15.0,M1syl and friends,53.3,59.9,51.2,96.2,69.5
Kyouki,0.5,84.0,0.4,58.7,30.7,0.0,Griffos E-Sports,0.8,3.0,0.9,85.3,13.9
Kyro,1.0,180.1,1.1,122.4,23.1,34.4,Actually Homeless,42.6,72.8,46.6,39.7,48.8
Kyu,0.9,127.0,0.7,78.7,15.3,0.0,NEW ERA,6.9,21.6,4.5,4.0,3.1
Kyzer,0.5,127.3,0.5,85.1,21.4,12.2,Nocturnals,6.9,7.5,6.6,27.5,5.2
L0NER,0.8,176.0,0.7,113.3,28.3,13.3,Yasei,38.0,29.9,32.6,74.9,40.8
L0sttt,1.3,252.0,1.5,162.0,33.0,17.0,Galaxy Esports,96.2,97.9,96.3,91.5,99.5
L1NK,1.0,168.4,1.0,112.8,35.0,14.5,Acend,30.0,55.6,31.7,95.5,52.6
L21saac,0.7,180.3,0.6,110.3,15.3,0.0,NANO,43.0,19.3,27.9,4.0,14.8
LALANG,0.8,196.7,0.8,131.7,22.7,16.3,HotSauCe,59.9,41.8,63.4,35.7,48.6
LAMMYSNAX,1.1,205.2,1.2,139.1,23.1,22.2,FULL SENSE,69.5,87.7,75.5,39.1,73.8
LEXY,0.9,180.3,0.9,120.2,17.0,13.7,BLEED,42.9,47.9,43.3,7.8,30.0
LIEBE,0.6,188.0,0.6,126.3,24.7,16.7,Bounty Hunters,50.6,17.7,53.6,51.5,40.0
LINDEN,0.6,142.0,0.6,84.0,24.0,0.0,goth boy clique,12.6,15.8,6.0,46.3,11.6
LKSHOW,1.0,188.3,0.8,133.7,18.0,0.0,Stars Horizon,50.9,41.8,66.9,10.5,39.1
LKZK1NG,1.1,206.4,1.2,134.5,24.8,12.4,Odin&Amigos,70.5,87.8,68.2,52.3,76.4
LOB,1.0,165.6,1.0,115.6,32.1,21.2,FAV gaming,27.3,64.7,36.7,88.9,54.5
LUKE,0.6,150.0,0.6,88.0,11.0,0.0,Anime Aimers,16.4,12.2,8.0,0.8,3.2
Lakia,1.0,225.1,1.0,150.7,25.8,12.1,DAMWON Gaming,86.2,62.7,90.1,59.9,84.0
Lalaaa,0.8,141.0,0.7,102.0,31.0,0.0,Team Wizard,12.2,21.3,18.0,86.2,28.7
Lam,0.5,87.0,0.4,56.3,22.3,11.0,Nunca Tentamos,1.0,4.2,0.7,33.6,3.8
Lamb0,0.6,155.0,0.7,96.0,19.0,0.0,BRICKEDUP,19.6,22.6,12.7,14.1,9.0
LambariAssassino,0.8,139.0,0.7,97.2,16.0,26.2,Royal PS,11.3,23.9,13.8,5.2,6.3
Lappland,0.9,224.2,1.0,143.2,23.0,22.3,18again,85.6,65.2,82.0,38.2,73.5
LarryBanks,1.2,203.7,1.7,136.6,31.7,35.7,FaZe Clan,67.7,99.1,72.1,88.1,92.2
LastSquall,0.8,161.3,0.6,110.0,20.3,10.7,Discord Kittens,23.9,18.8,27.0,20.9,14.0
Lawrence,0.9,192.1,0.8,128.8,24.6,35.8,GoNGo Prince,54.9,39.7,58.3,50.9,49.5
Laz,1.1,227.6,1.2,146.6,25.6,15.0,ZETA DIVISION,87.7,86.6,86.4,58.6,90.3
Lazee,0.9,170.0,1.1,110.7,23.7,27.8,Team Reckaroo,31.3,70.6,28.6,43.3,40.1
LeKo,0.6,170.0,0.6,103.0,13.0,0.0,Storm Tiger,31.5,19.3,18.8,1.5,9.4
LeVi,1.0,200.3,1.0,140.7,23.7,20.7,NOGAS Esports,64.7,59.1,78.0,43.0,64.7
LeViperrr,0.8,172.2,0.8,115.4,28.8,7.6,Team Blank,33.9,32.2,36.4,77.3,42.0
Lear,1.1,207.3,1.2,137.8,21.3,11.7,Zero MarksMen Black,71.4,89.4,73.8,26.7,69.8
LeeoLoos,1.1,224.0,1.2,146.7,26.3,15.6,REiGN,85.5,85.4,86.5,63.4,90.6
Legedien,0.9,192.6,0.9,133.2,19.2,0.0,Up Next,55.4,46.9,66.3,15.3,43.3
Legend,0.9,218.0,1.0,143.1,19.8,11.3,Team Opulence Gold,81.4,58.2,81.9,17.9,62.3
Lehh,0.6,194.0,0.7,123.0,18.7,0.0,NDT,57.2,22.0,47.6,12.6,29.2
Leo,1.2,217.6,1.3,143.9,23.0,10.2,Guild Esports,81.0,91.3,82.7,39.0,81.9
Leoz1n,0.8,165.7,0.7,111.3,21.3,19.3,Kings,27.4,25.5,29.6,26.9,19.4
LepHertz,0.8,203.0,0.8,136.3,18.3,27.7,Team Wizard,67.2,34.9,71.6,11.3,43.6
Less,1.1,221.2,1.3,143.3,23.2,21.0,LOUD,83.5,95.1,82.1,39.8,84.4
Lethal,0.8,160.4,0.7,110.3,22.7,0.0,SE Necrosis,23.5,25.9,27.6,36.0,20.8
Levi,0.9,147.2,0.8,97.2,31.5,2.1,Khumbu Esports,15.1,36.0,13.8,87.5,33.3
LeviathanAG,1.1,190.9,1.2,127.7,23.5,13.9,TSM,53.6,84.2,56.1,42.0,61.2
Lex,0.4,137.3,0.4,96.4,21.6,29.4,Roulette,10.3,5.1,13.1,28.4,6.8
Life,1.1,217.6,1.2,146.1,29.7,30.4,EDward Gaming,81.2,84.5,86.0,81.6,93.6
Lightning,0.9,211.0,0.9,133.3,21.1,9.9,Team Blank,74.9,47.5,66.4,26.1,53.3
Lightningfast,1.1,235.1,1.3,153.0,29.3,14.5,Global Esports,91.3,94.4,91.8,79.6,97.4
Liihp,0.8,152.0,0.8,107.0,27.3,6.6,Salut e-Sports,17.7,32.8,23.2,69.9,30.7
Lil Drillas,0.8,205.0,0.8,136.0,21.0,25.0,NDT,69.4,39.2,70.8,24.9,49.7
Lin,1.1,238.3,1.3,150.3,20.8,9.8,YFP Gaming,92.8,90.9,89.8,23.6,83.0
Link,1.1,192.3,1.1,136.7,23.6,35.7,Elysium,55.0,71.2,72.4,42.3,62.9
Lionnn,1.1,219.0,1.2,140.7,27.0,15.7,BLC,82.1,88.2,78.0,67.8,89.2
LittleCake,0.8,150.1,0.8,103.4,22.9,0.0,Aquele lá,16.6,33.7,19.5,36.7,18.8
Lks79,1.4,289.6,1.7,192.4,24.3,40.0,Medellin,99.5,99.3,99.8,49.0,95.8
Lmemore,1.1,235.9,1.2,153.1,33.3,11.8,ONIC G,91.7,87.4,92.0,92.2,98.1
Lmszin,1.0,203.4,1.1,134.7,18.5,24.2,EXODIA,67.5,75.5,68.6,12.2,56.6
Logan,0.9,194.6,1.0,126.7,20.9,6.1,Eclectiq,58.0,55.7,54.4,24.0,45.7
Logic,0.7,172.3,0.7,109.7,23.0,17.7,Rose,34.0,28.0,26.6,38.2,25.5
Logistaa,1.0,204.0,1.2,133.0,24.6,14.0,God Particles,68.4,86.2,65.8,51.1,73.6
LohtuS,0.5,122.3,0.5,80.4,33.1,0.0,Face Off,5.8,7.3,5.1,91.9,19.7
Lorri,1.0,228.0,1.1,138.1,25.9,7.4,Shopify Rebellion GC,87.9,77.1,74.5,60.6,84.4
LotzPlayz,0.9,184.2,0.8,127.0,16.9,10.4,ValorsGG,46.9,42.0,55.0,7.0,33.0
Lou,0.9,195.8,0.9,139.9,30.7,5.2,303 Esports,59.0,52.8,76.9,85.3,74.5
LoveX,1.2,234.5,1.4,153.1,22.7,24.7,Utah Bless,91.0,96.6,92.0,35.9,88.9
Ltomlee,0.4,118.3,0.4,71.0,28.7,0.0,Team Opulence,5.0,5.4,2.7,76.6,13.7
LuPiN,0.8,168.3,0.9,120.7,17.7,4.7,Bottom Fraggers,29.9,44.5,44.0,9.2,25.7
LucK,0.9,212.3,0.8,153.7,25.7,0.0,bolinha de golfe,76.2,30.3,92.3,59.0,68.8
LuciA,0.8,168.0,0.7,114.0,25.3,22.3,Galaxy Esports,29.7,25.2,33.9,57.0,31.6
LuciferAged,0.6,184.0,0.6,127.3,19.7,0.0,AE Ravenous,46.7,15.3,55.7,17.1,28.1
Luck1y,0.9,234.0,1.0,150.3,22.7,11.3,7Krascent,90.8,58.2,89.8,35.7,74.8
Luckyyy,0.3,91.7,0.3,60.0,23.3,0.0,Bún bò Huế,1.4,2.1,1.0,41.0,4.5
Ludzera,1.0,216.4,1.0,135.4,20.0,10.3,4 ruim e 1 ruim,79.9,64.1,70.0,18.9,60.1
Luffy,1.1,240.1,1.3,155.2,22.9,9.3,experientGG,93.5,93.6,93.1,36.8,89.5
LuffysaN,1.0,187.9,1.1,124.2,23.9,52.6,Reckoning Esports,50.4,79.1,49.9,45.3,57.2
LugLumpy,0.8,171.4,0.9,115.3,31.8,17.4,Vexo Esports,33.2,55.5,36.0,88.3,52.6
Lukzban,0.9,181.7,0.8,117.7,29.7,0.0,Raiju e-sports,44.1,39.2,39.9,81.3,49.8
LunaFox,0.6,171.3,0.6,124.3,27.7,0.0,24Haven,33.1,14.4,50.2,71.5,38.7
LuoK1ng,0.9,172.1,0.9,112.3,30.6,24.4,KONE eSports Club,33.9,48.8,31.1,85.1,47.8
Luskka,1.1,204.1,1.1,141.2,28.9,24.3,Rise Gaming,68.4,80.6,79.2,77.6,86.0
LyllionRomantico,1.1,223.7,1.0,156.3,29.0,11.3,UNB Green Owls,85.2,69.3,93.7,78.4,92.0
Lynn,0.9,237.5,0.9,148.2,24.8,8.2,Gen.G Black,92.4,52.0,88.2,52.2,78.3
Lyricen,0.8,178.3,0.7,130.0,18.7,6.7,SLODI REPUS,40.8,20.9,60.3,12.6,28.0
M I N G,0.6,150.3,0.6,93.3,23.0,0.0,nA Whiff Masters,16.8,14.2,11.0,38.2,11.5
M0NK4Y,0.8,161.1,0.7,111.5,23.7,16.9,miracle victory,23.7,23.3,29.8,43.8,23.0
M1Ng,1.2,221.9,1.3,142.5,23.1,25.0,oFby,84.0,94.7,81.0,39.3,84.0
M1RAGG1,1.0,223.9,1.1,143.8,23.6,18.5,GRN Gaming,85.4,76.4,82.6,42.7,79.1
M1SYL,1.1,243.4,1.1,157.7,22.5,10.6,M1syl and friends,94.6,79.3,94.6,34.8,85.2
M1lky,0.8,129.2,0.6,89.4,27.2,14.4,Acris Esports,7.7,19.4,8.7,69.0,18.2
M2,0.9,206.0,1.0,131.5,15.0,9.3,Crownless,70.1,62.9,63.1,3.5,48.1
M2cong,1.0,225.5,1.1,142.2,16.2,6.3,oFby,86.4,74.6,80.5,5.7,65.3
MAGNUM,0.9,186.8,0.9,121.1,22.7,15.0,FNATIC,49.6,45.5,44.9,36.1,41.0
MAIYA,0.8,156.0,0.8,112.7,14.0,37.0,m.eS Revolutionary Gamers,20.3,30.6,31.5,2.3,12.4
MAR1,1.1,206.8,1.3,136.6,32.9,32.5,Vexo Esports,70.8,90.6,72.0,91.1,91.4
MASKKKy,0.8,224.0,0.8,151.3,15.7,,Hyperzero,85.5,31.2,90.6,4.7,52.3
MATOSS,1.0,226.7,1.1,141.0,14.3,14.0,fakezinho dos guri,86.9,72.6,78.8,2.8,63.1
MERJ,0.4,112.0,0.4,83.0,18.0,0.0,Divided Sons,4.0,4.0,5.6,10.5,1.6
METEOR BLADE,0.3,90.3,0.2,74.7,10.7,0.0,Pacific Gaming,1.3,0.5,3.5,0.7,0.4
MGl,1.2,223.8,1.8,141.8,24.7,5.4,puGG,85.3,99.4,80.0,51.9,89.4
MICKNUTTY333,0.8,158.2,0.9,105.0,34.8,25.0,Nightblood Gaming,21.7,43.7,21.0,94.8,42.4
MOCKING,1.0,197.1,1.2,132.2,25.2,17.8,Lenny Time,60.3,85.3,64.3,55.6,71.3
MOLSI,1.1,228.1,1.1,149.8,27.1,11.9,OG LDN UTD,88.0,78.7,89.3,68.6,91.5
MONK,1.0,198.1,1.1,132.9,26.8,7.8,oFby,61.8,76.4,65.2,66.6,73.1
MONSTEERR,1.0,185.1,0.9,121.4,29.4,10.2,Acend,47.9,50.4,45.3,80.1,56.7
MOOMAN,0.7,164.0,0.6,113.0,15.3,17.7,Tempest Gaming,26.3,13.4,32.0,4.0,10.6
MR R3D,0.9,185.4,1.0,125.2,30.0,19.2,M1syl and friends,48.3,60.1,51.7,82.6,63.9
MSK,1.0,179.0,1.0,126.3,32.3,7.7,Team Arrow,41.3,63.0,53.6,89.6,65.5
MaGu,0.9,216.0,0.9,143.5,21.5,0.0,SNJ,79.4,51.0,82.3,28.0,62.8
MaKo,1.2,221.7,1.4,144.2,26.3,16.3,DRX,83.9,96.2,83.2,64.2,92.3
Maciel,1.0,217.8,1.1,135.1,25.2,7.2,não temos um plano,81.3,80.5,69.3,55.6,78.9
Made,1.0,182.0,0.8,135.3,26.0,27.7,Projeto X,44.6,38.3,69.8,61.7,53.1
Mady,0.5,109.0,0.4,71.9,18.5,8.5,24Haven,3.6,3.3,3.0,11.9,1.4
Mafra,1.0,165.5,1.0,106.8,19.0,20.8,Odin&Amigos,27.2,58.8,23.0,14.1,24.0
Maiku,1.0,214.6,0.9,140.9,22.9,11.8,Team Opulence Gold,78.1,53.8,78.6,36.9,65.3
MalanG,0.7,189.0,0.8,127.0,21.5,9.0,HotSauCe,51.5,31.8,55.0,28.0,37.8
Malva,0.9,213.7,0.8,141.7,10.3,27.7,Não tem Jeito,77.4,36.3,79.8,0.6,46.2
Mannarino,0.2,69.0,0.2,43.7,31.0,0.0,tropa da nina,0.4,0.3,0.3,86.2,13.2
Maple,1.1,225.5,1.2,144.9,18.5,15.3,ORDER,86.4,86.0,84.0,12.2,72.6
Marechal,1.0,162.3,0.8,103.3,19.7,48.7,Looking for Contract,24.9,35.4,19.3,17.1,15.7
Mariosi,1.3,255.0,1.4,165.0,20.0,0.0,Skyline Rebaixado,96.8,96.0,97.1,18.9,87.0
Marjes,0.8,155.3,0.8,98.0,22.4,7.9,FW Esports,19.8,33.7,14.5,34.3,17.4
Marved,1.1,209.6,1.1,136.6,30.3,19.2,OpTic Gaming,73.6,77.7,72.0,84.0,86.5
Massena,0.7,161.2,0.7,113.9,23.5,19.1,n0gravity,23.8,26.7,33.7,41.8,25.0
Mast3r,0.9,157.6,1.0,104.9,26.1,12.4,True Rippers,21.3,58.9,20.8,62.7,36.9
Mastx,0.8,162.0,0.6,101.7,37.0,11.0,Bounty Hunters,24.5,19.5,17.5,97.2,35.3
Mathzão,1.0,208.7,1.0,134.9,22.5,20.6,Looking for Contract,72.4,65.8,68.8,35.0,63.5
Maverick,1.0,201.9,1.0,127.2,24.3,15.6,Stars Horizon,66.3,63.9,55.5,49.2,60.9
Mazino,1.0,216.5,1.1,141.9,25.0,17.5,KRÜ Esports,80.1,74.0,80.2,53.4,79.3
McDonalds,1.0,200.9,1.1,129.9,21.8,12.0,Team LuZi,65.4,71.8,60.2,29.7,57.8
Meddo,1.0,193.2,1.1,129.4,26.3,14.0,G2 Esports,56.3,79.6,59.7,63.3,68.9
Medusa,1.0,222.2,1.0,143.8,27.0,13.8,REJECT,84.4,68.2,82.5,67.4,85.1
Meiy,1.1,241.3,1.3,151.0,23.8,16.3,Crazy Raccoon,93.9,91.2,90.4,44.5,90.3
Mel,0.9,176.7,0.8,116.5,27.8,7.0,Stars Horizon Venus,38.9,41.0,38.1,72.0,45.3
Melllxz,0.5,92.0,0.3,67.3,24.8,0.0,Spectral Purple,1.5,2.2,2.2,52.4,7.1
Melser,1.0,180.0,1.0,117.3,27.0,13.9,LEVIATÁN,42.2,65.8,39.3,68.2,53.6
Menace,1.0,207.0,1.1,130.5,14.0,18.3,VIRTUOSO,71.1,72.4,61.3,2.6,50.9
Meteor,1.1,264.4,1.3,166.6,25.0,25.0,NORTHEPTION,98.2,93.3,97.7,54.1,95.3
Mig,0.8,160.3,0.7,105.0,27.0,8.7,IRLV.GG,23.5,25.3,21.0,67.8,28.6
Migstur,1.0,207.1,1.1,137.0,28.1,14.9,Zer0 Latency,71.2,71.4,72.8,73.9,79.9
Mikey,0.7,177.7,0.6,112.3,16.0,0.0,Jellyspotters,40.0,17.4,31.3,5.2,14.8
Mile,0.5,114.4,0.3,80.9,19.1,0.0,Team Opulence Black,4.4,2.6,5.2,15.0,2.1
Minimal,0.9,199.3,0.9,129.0,23.7,8.3,OneShot Esports,63.3,45.3,58.8,43.0,51.8
Minimise,1.0,192.7,1.0,123.9,20.0,10.2,Bonkers,55.5,64.8,49.4,18.9,44.8
Minty,1.0,212.0,1.1,136.2,22.0,8.6,FAV gaming,75.9,70.5,71.4,30.9,66.0
Misaya,0.6,140.4,0.5,93.2,14.7,0.0,Sengoku Gaming,11.9,12.0,10.9,3.2,3.3
Mistake,0.9,171.8,0.8,123.2,18.2,16.9,LEVEL UP,33.5,41.1,48.1,11.1,27.6
Mistic,1.0,188.5,1.0,123.2,27.9,18.2,FNATIC,51.2,68.7,48.1,72.2,62.5
Mited,0.8,153.8,0.7,101.0,26.8,19.7,FUSION,18.9,24.8,17.2,67.0,25.7
Mixwell,1.0,211.9,1.0,138.9,21.7,16.5,G2 Esports,75.7,68.9,75.2,28.9,65.9
Moechilla,1.1,198.6,1.2,122.8,22.6,13.8,Actually Homeless,62.4,84.6,47.2,35.4,59.1
Momiji,1.0,189.8,1.0,125.4,23.1,14.9,ONi,52.4,65.1,52.1,39.6,51.6
Money V,0.7,167.0,0.6,117.3,21.3,0.0,Zenigma Alpha,28.8,18.1,39.4,26.9,20.9
MonkWrath,0.3,98.0,0.3,66.0,12.5,0.0,Huh,2.2,1.9,1.9,1.2,0.5
Monyet,1.1,236.9,1.1,154.1,22.8,20.4,ONIC G,92.1,76.7,92.7,36.4,83.5
Moon,0.8,154.0,0.8,106.0,21.0,20.0,Skyline Rebaixado,19.0,30.3,22.0,24.9,15.5
MoonBlue,0.7,153.0,0.6,104.0,17.0,13.0,Girl Kissers,18.4,13.4,20.0,7.5,7.4
MoonLight,1.0,200.2,1.0,129.8,27.5,9.2,Primary Gaming,64.7,58.4,60.0,70.7,67.6
Moonlight,1.1,204.9,1.2,136.5,23.2,16.5,Os Selvagens,69.1,85.5,71.8,40.4,72.0
Moothie,1.3,262.4,1.6,165.2,31.9,19.4,CNJ Esports,97.9,98.8,97.2,88.4,99.6
Morbit,0.5,182.0,0.6,114.7,16.7,0.0,Medics,44.6,16.6,34.9,6.6,17.6
Morgausse,0.8,158.1,0.8,110.7,19.2,17.5,Third Impact,21.6,30.9,28.5,15.3,15.6
Moves,1.0,204.2,1.0,136.3,26.6,16.3,Maru Gaming,68.6,68.0,71.5,65.7,74.3
Mowff,0.6,122.7,0.5,83.5,17.3,0.0,Team Big BAAM,5.9,7.1,5.9,8.2,2.1
MrBeebs,0.8,113.3,0.6,77.7,33.0,0.0,Team 69,4.3,19.7,4.2,91.5,22.8
MrLeonan,1.0,194.4,1.0,130.2,25.8,14.6,Agropesca Jacare,57.9,64.6,60.8,60.3,64.2
MrMint,0.6,107.0,0.6,71.6,52.4,33.4,Crash Landin on You,3.2,13.6,3.0,99.9,22.8
MrSkit,0.5,108.0,0.4,65.7,32.3,0.0,Tempest Gaming,3.4,5.5,1.8,89.6,16.9
MuZe,0.6,131.6,0.5,87.7,24.1,0.0,FIRST PIECE,8.4,9.3,7.8,47.6,9.8
Muawi,0.9,197.0,0.7,133.0,26.0,0.0,The Chads,60.2,29.2,65.6,61.7,54.0
Mueda,0.9,182.6,0.9,123.8,20.7,11.6,Rated Gaming,45.5,43.9,49.3,23.1,36.3
Muffin Man,0.5,123.0,0.5,68.0,16.0,0.0,CG,5.9,7.2,2.3,5.2,1.3
Muj,0.9,199.0,0.9,131.3,26.7,24.3,BBL Esports,62.9,50.7,62.8,65.9,63.7
Munchkin,1.2,264.3,1.4,163.7,23.2,26.0,Crazy Raccoon,98.1,95.6,96.8,39.9,93.0
MungHoon,1.0,189.2,1.1,126.2,24.2,16.1,VPZ,51.7,70.8,53.3,48.6,57.0
MungusTheGiant,0.7,160.0,0.6,104.0,29.0,17.0,LionHeart,23.0,15.8,20.0,78.4,28.5
MurgiMan,0.9,232.0,1.0,149.0,23.5,0.0,SE Necrosis,90.0,68.3,88.8,42.1,79.8
Murr,0.7,146.0,0.6,96.0,27.0,0.0,James Madison University,14.3,14.9,12.7,67.8,19.5
Myssen,0.9,161.5,0.8,108.7,35.1,7.0,Liberty,24.0,39.6,25.6,95.5,43.5
N1ght,0.5,109.6,0.4,66.0,14.8,4.6,1TK,3.6,6.1,1.9,3.4,1.0
NANZIN,0.9,164.3,0.8,110.1,33.6,16.2,Stars Horizon,26.6,37.4,27.3,92.7,43.3
NAVI,0.8,160.6,0.8,105.4,21.7,14.6,KPZ,23.6,30.9,21.3,29.3,18.4
NIJ9,0.5,134.0,0.4,92.0,38.0,0.0,CG,9.4,5.1,10.2,97.8,23.8
NOVEMBER,1.0,214.3,0.9,130.0,19.3,14.0,FaRt Clan,77.9,53.6,60.3,15.7,51.0
NTC,0.7,198.0,0.7,144.0,25.0,0.0,Não tem Jeito,61.6,29.2,82.8,54.1,58.1
NaVo,1.3,291.0,1.5,183.0,26.0,41.7,m.eS Revolutionary Gamers,99.5,97.5,99.5,61.7,97.7
NaZarD,0.9,182.0,0.8,121.7,14.0,15.0,LFO,44.6,37.8,45.6,2.3,26.6
Nabaki,0.8,157.0,0.8,105.7,18.0,0.0,Vireo.pro,20.8,35.5,21.7,10.5,13.5
Nackey,0.3,102.0,0.4,64.0,39.0,0.0,Ego peekers,2.6,3.3,1.6,98.3,18.6
Nader,1.1,188.3,1.6,125.8,27.7,7.6,Gorilla Gang,50.9,98.9,52.7,71.5,74.5
Nadg,0.8,189.3,0.8,124.7,37.3,25.0,PieSKipper,52.0,40.4,50.7,97.4,62.7
NagZ,1.0,197.4,1.1,127.8,24.7,22.3,KRÜ Esports,60.6,73.5,56.3,52.1,63.9
Nahsie,1.0,210.4,1.1,135.2,32.7,8.5,Gifted,74.3,75.5,69.7,90.7,87.3
Naicha,0.6,175.7,0.8,108.0,19.7,14.0,Corn Dogs,37.6,33.9,24.6,17.1,20.8
Naivejester,0.6,155.0,0.5,100.0,30.0,0.0,Monkey Bite Esports,19.6,8.1,16.3,82.6,25.3
NakJi,1.0,203.2,1.1,132.6,24.1,12.2,Maru Gaming,67.4,70.3,64.9,47.4,66.3
Nanners,1.1,223.0,1.2,145.9,24.0,17.2,BASILISK,84.8,83.7,85.7,47.1,84.7
Nara,0.9,190.9,1.0,128.8,26.6,12.1,Team Rocket,53.7,59.0,58.4,65.5,61.5
Narong,0.9,195.2,0.8,136.0,31.2,4.8,Bottom Fraggers,58.8,38.9,70.8,87.0,68.1
NaturE,1.1,189.3,1.2,131.4,25.7,20.5,Gen.G,51.9,82.2,62.8,59.5,68.3
Nave,0.7,181.1,0.7,115.4,24.9,0.0,Face Off,43.7,26.1,36.5,52.8,35.4
NcSlasher,1.0,174.7,0.9,114.3,25.0,14.6,ONIC G,36.3,54.9,34.3,54.8,42.2
NeF,0.8,165.2,0.7,110.5,26.2,11.0,nice try,27.0,26.0,28.1,63.2,31.0
Neebs,0.8,199.0,0.7,123.3,33.0,3.6,Neebs and Weebs,62.9,29.6,48.3,91.5,60.0
NeilSensei,0.5,116.3,0.5,84.7,24.5,12.7,GodGamers,4.6,9.9,6.1,50.4,9.4
NekO,1.0,216.3,0.9,150.7,37.7,0.0,Team Astra,79.8,43.9,90.1,97.5,87.6
Neo,0.5,122.0,0.4,86.3,17.5,0.0,Rumor 2.0,5.7,3.5,6.9,8.6,1.7
Neon,1.1,225.0,1.3,141.1,16.6,10.7,Akrew,86.2,94.4,79.1,6.3,71.5
NeruFi,0.8,160.6,0.8,103.2,22.5,6.8,CREST GAMING Zst,23.6,31.8,19.1,34.8,19.4
Nether,0.9,163.5,0.9,110.7,26.6,15.2,Botafogo eSports,25.8,45.3,28.4,65.6,37.5
Nexi,1.2,242.0,1.4,153.8,25.7,23.7,Rex Regum Qeon,94.2,95.7,92.4,59.3,95.1
NgL,0.7,163.0,0.6,105.7,20.7,41.0,Storm Tiger,25.4,19.7,21.6,22.7,13.6
Nhatthong2k,0.8,185.7,0.8,127.5,29.0,0.0,Team Big BAAM,48.6,37.5,56.0,78.4,55.5
NiSMO,1.2,255.1,1.5,167.2,26.7,24.0,Ghost Gaming,96.8,98.2,97.8,66.1,97.7
Night,0.9,160.6,0.8,107.7,22.3,14.2,Flex Gaming,23.6,41.9,24.2,33.6,24.1
Nightmare,0.9,178.6,0.9,120.6,19.8,13.1,Zer0 Latency,41.0,52.3,43.8,17.9,34.0
Ninebody,1.0,213.2,1.0,141.3,24.0,0.0,KONE eSports Club,76.9,60.4,79.5,46.3,70.5
Nitro,0.5,137.0,0.5,88.0,30.0,0.0,W Streak Esports,10.2,6.9,8.0,82.6,19.0
Nivera,1.0,188.5,1.0,122.5,30.5,14.2,Team Liquid,51.1,69.1,46.7,84.8,66.8
NoMan,1.1,261.0,1.1,154.0,28.3,0.0,Oblivion Force,97.8,73.6,92.6,74.9,94.7
NoWay,0.6,172.0,0.5,125.0,24.0,11.0,bolinha de golfe,33.7,10.5,51.4,46.3,30.0
NolbertoEZ,1.0,195.2,1.0,128.7,32.6,5.7,SWARM esports,58.6,56.1,58.2,90.1,70.4
Noob,0.8,150.2,0.7,109.1,34.1,0.0,Maruti Peek,16.7,27.3,26.1,93.9,37.1
Norisen,0.8,162.5,0.8,107.9,30.5,16.2,REJECT,25.0,30.8,24.4,84.6,37.3
NotComing,0.9,159.3,0.8,107.6,19.0,17.3,Amollang,22.4,31.5,24.1,14.1,14.4
Nothin,0.9,182.6,1.0,123.6,28.7,21.9,Flex Gaming,45.5,58.9,48.8,77.0,59.2
Novack,0.2,98.3,0.2,76.0,27.0,0.0,HCK CIBORGS,2.3,0.8,3.8,67.8,10.2
Novazor,0.5,175.0,0.6,120.7,41.0,0.0,Huh,36.8,14.7,44.0,98.9,46.3
Nozz,0.9,209.5,0.9,140.4,21.4,4.5,Bonkers,73.4,50.9,77.7,27.4,58.9
Nubstir,0.5,113.0,0.5,78.0,32.0,0.0,Goofy Gremlins,4.2,7.7,4.3,88.7,18.3
Nudle,1.0,161.3,0.9,115.7,34.6,31.0,Valkyrie,23.9,55.4,37.0,94.4,51.9
Nyan,0.4,86.3,0.2,62.6,17.2,0.0,REGEN,1.0,0.8,1.4,8.1,0.9
Nyang,0.9,161.3,0.9,106.1,28.4,11.1,Gamelanders Blue,23.8,45.5,22.2,75.3,37.9
Nyonza,0.7,163.7,0.6,108.8,17.8,30.5,EDO TENSEI,26.0,15.5,25.7,9.8,10.8
Nyxx,1.0,197.8,1.0,125.3,22.3,17.6,ORN FC Esports,61.1,60.9,51.9,33.2,50.6
OMERZ,0.5,148.0,0.4,89.7,21.0,0.0,AE Ravenous,15.5,5.9,8.8,24.9,6.4
OXY,1.4,320.4,1.8,191.7,28.1,0.0,Vireo.pro,99.9,99.4,99.7,73.8,99.0
Oban,0.9,176.5,0.8,126.5,25.9,6.3,Veni Vidi Vici,38.7,33.8,54.0,60.8,44.2
Obe,0.8,184.8,0.8,125.9,25.8,19.8,Illumina Blue,47.5,39.8,52.8,60.4,48.5
Obliterify,0.8,180.3,0.8,115.6,16.3,12.7,Conquest Esports,43.0,30.9,36.7,6.0,21.8
Obnoks,0.9,182.7,0.8,123.0,30.9,4.9,BIG,45.6,38.7,47.6,85.8,54.5
Oceanman,0.9,159.9,0.9,97.7,20.0,23.0,Academy Gaming,22.7,46.0,14.2,18.9,17.3
Oderus,1.0,196.2,1.1,128.9,27.4,17.9,NYFU,59.4,69.4,58.7,70.3,68.8
Okeanos,1.1,235.3,1.6,150.9,27.5,35.8,Girl Kissers,91.5,98.7,90.3,70.9,96.6
Okin,1.0,186.0,1.0,126.4,21.5,20.6,Unknown,49.0,65.1,53.8,28.2,46.9
OnHeAd,0.9,178.2,1.1,116.1,28.1,10.7,Clarity Esports,40.7,71.7,37.8,73.8,56.8
OneSnipeKO,0.9,203.7,0.8,142.3,30.3,12.0,Panda Party,67.9,43.2,80.7,83.9,75.2
Oneluiz,0.5,129.0,0.4,94.3,22.3,0.0,NDT,7.6,4.2,11.5,33.6,6.7
OpT,0.3,92.0,0.2,64.0,33.0,0.0,Burger Gaming,1.5,0.6,1.6,91.5,15.2
Optimal,0.8,160.0,0.6,114.0,40.0,13.0,Strike X,23.0,15.8,33.9,98.6,39.4
Optimus,1.2,237.8,1.3,145.5,21.2,32.2,TEAM BGS,92.5,93.6,85.1,26.4,83.4
Otsuka,0.8,180.4,0.7,113.8,19.1,11.4,VIM TIRAR ORG GRANDE,43.1,29.5,33.6,14.9,23.2
Ouate,0.8,134.0,0.6,91.4,15.3,13.9,Synergy,9.4,18.7,9.7,4.0,4.1
OutLaw,1.3,240.0,1.6,163.7,20.7,15.0,WNF Esports,93.5,98.6,96.7,22.7,87.6
OutlawOw,0.9,173.7,1.0,116.0,17.0,13.4,Exceeli Esports,35.5,57.4,37.5,7.5,28.7
Ovco,1.0,200.0,1.0,128.8,28.5,18.1,GRN Gaming,64.1,69.0,58.5,75.8,72.2
Owl,0.9,166.3,0.8,113.7,26.3,26.3,ONI,28.1,34.9,33.3,63.9,35.8
P1nA,0.8,156.7,0.8,103.1,30.4,0.0,Team Big BAAM,20.7,32.6,19.1,84.3,34.5
PADO,1.0,184.5,1.0,123.8,23.4,20.8,HAYABUSA Gaming,47.3,62.1,49.1,41.6,48.3
PIGGY,0.8,181.4,0.8,109.3,24.1,7.9,Mizzou Esports,43.9,30.6,26.2,47.8,32.1
PJ,0.6,169.3,0.6,116.9,22.3,0.0,Face Off,30.6,14.8,38.6,33.2,22.0
PKX,1.5,267.1,2.5,171.3,30.7,5.7,OS GURI DA GERAL DO GREMIO,98.5,100.0,98.6,85.5,99.7
POISED,1.0,180.1,1.1,120.0,23.1,19.8,FaZe Clan,42.5,70.5,42.7,39.1,46.6
PRiME,0.7,158.0,0.7,94.0,31.0,0.0,Tunker,21.5,23.7,11.3,86.2,30.2
PTC,0.9,177.2,0.9,121.9,20.6,23.8,FULL SENSE,39.6,51.9,46.0,22.2,35.6
PUGO,0.7,163.0,0.7,106.7,23.4,10.4,Maruti Peek,25.5,27.8,22.9,41.7,22.2
PUMB44,0.9,171.2,0.8,112.3,25.6,14.6,GyuBeueumJang,33.0,40.1,31.2,58.7,36.8
PUMPPPPPPPPPPPPP,1.3,316.7,1.4,194.3,28.7,0.0,Rose,99.9,96.7,99.8,76.6,99.1
Pa1nt,1.0,258.1,1.1,168.9,17.8,20.4,GONJO,97.2,72.2,98.1,9.8,75.9
Paincakes,1.1,216.3,1.2,145.8,23.8,19.6,Akrew,79.9,84.7,85.5,44.1,81.9
Palla,1.0,215.1,1.0,141.0,26.3,18.7,Odin&Amigos,78.5,58.5,78.8,63.9,76.7
Palozera,1.1,215.7,1.1,145.7,33.7,20.0,tier2sussinha,79.0,74.4,85.4,92.9,93.3
PanzeR,0.6,213.7,0.7,123.7,16.7,0.0,Monkey Bite Esports,77.4,28.7,49.0,6.6,36.3
PapaSmurf,0.9,176.5,0.9,114.9,18.7,12.0,Team Rocket,38.7,49.0,35.1,12.8,28.3
Papi,0.7,181.7,0.8,121.3,26.3,0.0,Sussy,44.1,30.6,45.1,63.9,43.2
PapiChulo,0.9,184.8,0.8,129.6,23.5,9.6,New Moon,47.6,40.0,59.9,41.8,45.1
Paradox,1.0,223.2,1.1,146.7,27.4,16.0,Lancheira do Tomás,85.0,73.2,86.6,70.2,88.8
ParkJJong,1.0,183.3,1.0,121.5,30.6,17.8,Tartarus,46.2,66.0,45.4,85.1,63.9
Pashasahil,1.0,103.0,1.1,111.0,31.0,15.3,Team Valor,2.8,69.6,29.0,86.2,44.4
PateK,0.9,171.6,1.0,118.6,23.3,5.1,Mach5,33.3,56.4,41.0,40.7,39.4
Pay,1.1,235.2,1.2,153.5,23.7,6.3,Beyond Stratos Gaming,91.5,81.1,92.2,43.8,86.9
Pedracula,0.6,176.3,0.5,119.0,25.0,0.0,The Plain,38.6,11.8,41.5,54.1,31.6
Peloncito,0.9,174.8,0.8,116.6,29.5,10.0,E-Xolos LAZER,36.5,34.5,38.2,80.8,45.3
PenKim,1.0,210.6,1.0,139.0,20.8,69.2,Team LuZi,74.4,66.9,75.3,23.4,62.5
Penguin,0.5,130.0,0.4,95.5,17.8,5.1,Nocturnals,8.0,2.8,12.2,9.5,2.8
Pepper,0.9,190.0,0.9,123.5,17.2,3.1,IGZIST,52.8,44.1,48.6,8.0,33.6
Phantom,1.0,198.4,1.1,133.5,18.8,18.5,FAV gaming,62.2,78.3,66.7,13.0,55.5
Philip,0.8,134.1,0.6,93.9,29.0,5.0,AstraSect,9.5,14.1,11.1,78.4,20.9
PiPoPo,1.0,192.5,1.0,127.1,23.1,16.7,Kaiser Thane,55.2,68.2,55.2,39.3,54.6
Pierre,1.2,194.8,2.1,129.6,24.5,0.0,hashiras,58.2,99.9,59.9,50.4,72.5
Pige,0.2,78.0,0.2,60.0,35.0,0.0,Burger Gaming,0.7,0.2,1.0,95.2,15.8
Pika,0.6,173.0,0.6,112.7,29.0,12.3,REGEN,34.6,17.4,31.5,78.4,36.4
Piko,1.3,260.0,2.1,165.5,30.2,0.0,hashiras,97.6,99.9,97.4,83.7,99.4
Pilipino,0.6,163.9,0.6,107.3,21.7,7.3,Discord Kittens,26.1,17.9,23.6,29.2,15.7
Pingfu,1.0,177.8,0.9,118.3,26.0,24.2,Unknown,40.2,54.8,40.6,61.0,47.0
Pipec4t,1.0,167.7,0.9,115.0,21.7,9.3,Motos Muito Rápidas,29.4,50.7,35.6,29.0,31.1
Pistola,0.5,154.0,0.5,101.1,33.4,0.0,5 of a Kind,19.0,9.4,17.2,92.6,28.9
Pixelzz,1.0,213.5,1.0,142.6,26.6,15.7,Reckoning Esports,77.2,67.1,81.1,65.7,81.0
Plato,0.8,207.8,0.9,135.3,22.0,15.1,Arca do Plato,71.7,47.3,69.8,31.4,55.4
Ploy,0.8,172.3,0.7,114.5,22.7,17.0,nice try,34.0,28.3,34.7,35.7,27.4
Poach,1.0,181.9,1.2,123.2,26.7,13.6,FaZe Clan,44.3,82.5,48.2,66.3,63.2
Pochita,1.0,202.0,0.9,139.0,34.0,25.0,Amigos Esports,66.5,54.6,75.4,93.6,80.4
Pogmaker,0.7,136.0,0.5,92.0,25.0,17.0,Pulsar Red,9.9,11.0,10.2,54.1,12.6
Pokju,1.0,209.0,1.1,136.5,24.0,13.0,RAGE eSports,72.9,76.8,71.9,46.3,72.3
Polance,0.7,163.1,0.7,108.9,18.5,6.4,Incarnations of Victory,25.5,20.8,25.7,12.1,12.2
Polkan,1.0,230.5,1.0,146.9,33.4,3.0,New Moon,89.2,67.6,86.8,92.5,94.0
Ponder,0.8,172.2,0.8,113.5,28.4,22.5,Mizzou Esports,34.0,41.4,33.0,75.3,43.2
Pooky,1.1,200.7,1.2,132.1,21.5,8.3,Red Eyes,65.2,84.9,64.2,27.7,63.4
Poppin,1.0,250.3,1.2,152.0,29.7,0.0,ExiLe Gaming,95.9,81.4,91.1,81.3,96.2
Posters,0.9,207.9,1.0,143.1,21.1,26.2,Rated Gaming,71.9,57.6,81.9,26.0,61.7
Postic,0.7,166.6,0.6,111.6,17.4,12.2,We Need Sponsor,28.4,17.5,30.1,8.4,12.3
Potadoe,0.3,86.1,0.3,52.6,27.0,6.9,5 of a Kind,1.0,1.8,0.5,67.8,9.4
Potatoe,1.0,208.8,1.1,135.2,24.5,17.8,ONi,72.6,76.3,69.6,50.6,72.7
Poti,0.9,182.9,1.0,122.8,34.6,15.5,RD E-SPORTS,45.9,55.6,47.3,94.5,64.1
PowerPixele,0.8,171.6,0.8,114.5,16.2,7.0,OneShot Esports,33.4,34.4,34.7,5.8,19.1
Pr0phie,1.1,196.4,1.2,133.2,25.1,7.7,Nearest Airport,59.5,84.8,66.1,55.3,71.4
PrallexzRR,0.6,163.7,0.6,106.0,24.0,25.0,NPGTxD,25.9,16.6,22.0,46.3,20.0
PreZise,0.7,150.0,0.6,98.0,16.3,0.0,Team Wizard,16.4,19.3,14.5,6.0,6.5
PrimeMCD,0.8,172.5,0.8,111.1,22.0,19.6,Flex Gaming,34.1,38.6,29.3,32.0,27.9
Primzy,0.9,198.7,0.8,127.7,19.6,0.0,Clicken Chickens,62.5,43.4,56.2,16.5,41.8
Prizz,0.9,220.0,1.0,153.0,26.0,0.0,Sussy,82.9,66.5,91.9,61.7,85.2
Pro,0.9,173.1,0.8,119.2,24.3,11.9,South Built Esports,34.8,35.9,41.9,49.1,36.3
Protagonist,1.2,225.0,1.1,157.0,23.0,0.0,Team Arrow,86.1,77.8,94.2,38.2,82.6
Puleule,0.9,156.0,0.8,107.2,23.2,6.4,9z Team,20.3,32.0,23.5,40.2,21.7
PureR,1.2,234.5,1.7,147.6,35.2,24.2,Gen.G,91.1,99.2,87.5,95.6,99.1
Purpy0,0.6,145.9,0.6,94.7,19.3,3.6,Crownless,14.2,13.6,11.6,15.6,6.4
PxL,0.9,178.6,0.8,117.1,21.1,4.7,tropa da realeza,41.1,38.0,39.1,26.0,30.9
PxS,1.2,235.6,1.2,151.4,20.3,7.7,Stars Horizon,91.7,86.3,90.7,20.5,79.8
Pyro,0.7,177.6,0.6,109.5,29.5,38.8,Panda Party,39.9,18.2,26.4,80.4,37.5
Quager,0.9,169.0,0.8,110.0,45.0,0.0,FaRt Clan,30.4,35.4,27.0,99.6,45.8
QueeN,0.5,124.3,0.5,82.0,21.0,0.0,Bounty Hunters,6.2,7.7,5.4,24.9,4.4
QueueFiveNine,0.7,154.3,0.5,110.7,22.3,16.3,Face Off,19.3,11.8,28.4,33.6,14.5
Quick,1.0,197.4,1.0,128.9,23.9,28.0,FURIA,60.6,66.5,58.6,45.0,59.4
Quilha,0.7,142.0,0.6,103.0,26.0,0.0,g0gados,12.6,19.8,18.8,61.7,20.7
QutionerX,1.0,219.0,1.0,144.4,22.5,20.1,BBL Esports,82.1,61.3,83.5,35.0,70.0
R4F4ziiik,0.5,152.3,0.5,101.0,15.3,0.0,Não tem Jeito,18.0,7.4,17.0,4.0,4.7
RAIKKONEM,0.7,196.1,0.8,119.4,20.6,18.3,calor,59.4,41.5,42.2,22.2,37.5
RAY,1.0,220.0,1.0,145.0,19.0,0.0,Alpha Six Gaming,82.9,61.0,84.4,14.1,63.8
RCSoldier,0.9,211.7,0.9,132.3,17.9,0.0,Skyline Rebaixado,75.6,55.0,64.3,9.9,49.8
RESHURA,1.0,172.5,0.9,125.0,19.5,6.6,Actually Homeless,34.1,48.4,51.4,16.1,32.6
RETRAC,0.9,204.0,0.9,133.3,24.3,0.0,Desire Rising,68.4,50.3,66.4,49.6,60.8
REV1,0.9,223.5,1.0,136.9,21.8,16.0,Pentagon,85.2,61.4,72.6,30.2,66.2
RILLA,0.8,163.7,0.7,104.6,24.8,24.6,Last Resistance,26.0,26.9,20.5,52.5,25.1
RIPablo,0.9,175.8,0.9,112.6,27.1,9.7,IGZIST,37.7,45.4,31.4,68.2,43.0
RMN,1.2,258.1,1.3,166.1,26.8,42.2,Renegados,97.3,94.2,97.6,66.7,97.4
RND,1.0,219.2,1.1,135.7,23.9,8.4,Los Grandes,82.3,78.5,70.3,44.8,75.3
ROACH,0.9,185.1,1.1,126.4,34.5,7.2,Union Gaming,48.0,70.9,53.7,94.2,72.0
ROY,1.0,164.1,1.1,111.0,24.0,17.3,Girl Kissers,26.5,72.6,29.2,47.1,40.8
RaDiGal,0.7,203.0,0.8,133.0,21.0,0.0,RAGE eSports,67.2,36.5,65.6,24.9,46.2
RaM,1.0,221.3,1.3,147.0,30.3,6.9,Kowareta,83.6,92.9,87.0,84.0,95.7
Rabbet,0.9,190.4,0.9,124.5,26.4,19.6,Rex Regum Qeon,53.2,52.5,50.6,64.8,55.6
Raelron,1.1,238.4,1.1,158.8,19.6,13.8,SNJ,92.9,77.2,95.2,16.6,77.2
Rafaaaa,1.0,181.8,1.0,130.3,27.8,31.2,Team 69,44.2,63.7,61.0,72.1,63.0
Rai,0.6,127.6,0.6,84.6,22.3,0.0,James Madison University,7.0,13.9,6.1,33.0,7.6
Raick,0.8,168.0,0.8,111.7,19.0,11.0,We Need Sponsor,29.7,38.3,30.3,14.1,20.6
Raijinn,1.1,255.3,1.2,158.3,27.0,0.0,Everyone's Nemesis,96.9,90.0,94.9,67.8,96.2
Rain,1.0,222.8,1.0,142.7,20.2,10.8,CNJ Esports,84.6,66.1,81.2,20.1,67.0
Rainy,0.9,169.1,0.9,114.9,24.1,22.7,Griffin E-Sports,30.5,45.6,35.2,47.4,35.2
Raku,0.6,163.0,0.5,114.3,21.7,0.0,Lucky Cat Gaming,25.4,11.5,34.4,29.0,16.9
RampagE,0.4,86.0,0.3,64.0,24.3,0.0,Dark Circle,0.9,1.6,1.6,49.4,6.1
Rano,1.0,185.4,1.0,121.0,18.6,7.3,IlluZion,48.2,61.5,44.7,12.5,37.9
Rap1d,1.0,205.3,1.0,138.8,22.7,9.5,Royal life,69.6,65.6,75.1,35.5,64.8
Raphael,1.0,225.3,1.0,143.0,19.0,10.0,Bottom Fraggers,86.3,67.4,81.7,14.1,66.3
Ratty,0.8,149.2,0.7,98.5,22.9,1.9,select few,16.0,21.9,15.0,37.3,13.9
Rawkus,0.7,147.2,0.7,96.0,21.8,23.2,Sentinels,15.1,21.4,12.7,29.5,11.0
Rayano,0.6,128.0,0.5,89.5,13.2,16.2,TEN-5,7.3,10.1,8.7,1.7,2.2
Rb,1.1,224.2,1.2,140.5,25.0,16.0,DRX,85.7,82.3,77.8,54.1,84.2
ReFLexKs,1.0,242.7,1.1,157.0,32.7,0.0,Blind Esports,94.3,75.8,94.2,90.4,97.1
Rebo,1.1,209.4,1.3,135.5,25.0,12.0,YFP Gaming,73.2,90.8,70.0,54.1,79.4
Rebolt,0.7,151.7,0.6,98.2,23.4,43.3,5 of a Kind,17.5,19.3,14.7,41.3,14.4
RedLight,1.1,198.9,1.3,137.5,28.0,27.2,Team GP,62.8,95.0,73.5,73.0,85.5
Reddot,0.3,91.7,0.3,56.7,20.7,0.0,Ego peekers,1.4,2.2,0.7,22.7,2.0
Redgar,1.0,191.8,1.1,124.5,34.8,15.5,M3 Champions,54.5,74.1,50.5,94.9,74.5
Redneval,0.9,244.8,1.0,148.1,24.5,0.0,CERBERUS Esports,95.0,59.8,88.1,50.4,81.6
Redwater877,0.9,180.1,0.9,120.8,26.5,13.5,Team T5,42.5,48.4,44.3,65.3,48.5
Reformed,0.9,172.7,0.8,113.3,20.5,18.1,Evil Geniuses,34.2,42.2,32.4,22.0,26.8
Reita,0.9,187.9,0.9,127.9,26.7,6.2,REJECT,50.5,43.8,56.5,66.1,54.1
Rejante,1.0,192.3,1.1,128.5,24.9,17.2,BASED,55.0,74.7,57.7,53.1,62.7
Rejctx,1.0,236.3,1.0,150.7,28.0,0.0,Tunker,92.0,67.9,90.1,73.0,91.1
Rella,1.0,184.8,1.0,125.6,23.7,17.8,Beyond Stratos Gaming,47.6,56.0,52.4,43.4,48.1
RelliK,0.8,170.8,0.7,117.5,27.2,0.0,True Rippers,32.3,29.9,39.6,69.2,39.1
Remedy,1.0,191.4,1.0,132.3,22.6,14.6,Nation Gaming,54.1,59.6,64.4,35.1,52.7
RepmaC,0.5,132.1,0.5,88.9,24.7,0.0,Aristocrats,8.8,9.8,8.3,52.0,11.1
Rest,1.0,193.1,1.0,128.3,21.2,7.9,Nation Gaming,56.2,66.1,57.3,26.3,50.2
Retla,1.2,235.1,1.4,146.9,21.8,14.9,BLEED,91.4,96.1,86.8,30.0,85.6
Retn0x,0.9,165.3,0.8,110.0,29.7,53.3,Blind Esports,27.0,42.8,27.0,81.3,41.7
RetrQ,1.1,236.9,1.4,156.9,26.5,22.9,Girl Kissers,92.2,97.2,94.1,65.1,96.0
Rex0,0.7,150.3,0.6,104.7,28.0,14.1,Phoenix2,16.7,17.3,20.8,73.0,25.7
Rexgator,0.8,178.7,0.7,121.4,22.6,7.4,HypeHorizen,41.2,28.9,45.3,35.2,32.9
Rexy,1.0,174.7,1.0,118.5,34.0,12.8,Enigma Gaming,36.3,65.4,40.8,93.6,61.2
RgLMeister,1.1,200.9,1.2,133.0,23.1,17.2,Keyd Stars,65.5,81.6,65.4,39.4,66.9
Ri0,1.0,170.5,1.0,120.2,23.7,15.2,Reckoning Esports,32.0,56.6,43.3,43.8,40.9
RiX,0.7,159.0,0.7,104.0,26.0,0.0,M42 Esports,22.2,22.6,20.0,61.7,25.3
RiceballiNNN,1.2,230.8,1.4,156.8,21.4,11.6,Team Reckaroo,89.4,97.0,93.9,27.2,86.6
Rico,1.1,213.9,1.1,140.2,26.4,11.0,King's Man,77.6,78.8,77.5,64.4,83.8
Rig,1.0,249.0,1.0,158.0,31.0,20.0,Akuma Team,95.8,62.4,94.8,86.2,94.9
RingRing,0.9,187.1,0.9,124.0,26.2,19.7,Red Eyes,50.0,55.2,49.5,63.1,54.5
Ripper,0.9,202.4,0.8,135.8,22.0,46.6,Oasis Gaming,66.7,34.3,70.5,31.4,49.3
Riquen,1.0,195.9,0.9,129.8,20.4,0.0,não temos um plano,59.1,46.8,60.1,21.5,44.3
Ris,0.7,153.1,0.7,102.2,21.1,6.3,Team Rocket,18.5,24.0,18.2,25.8,12.9
Risagi,0.9,166.4,0.8,108.1,17.8,5.0,Os Selvagens,28.2,35.2,24.7,9.7,16.1
Risk,0.6,159.0,0.6,109.0,17.0,25.0,Incarnations of Victory,22.2,15.8,25.9,7.5,9.5
Risky,0.5,150.2,0.5,101.2,25.5,0.0,WNF Esports,16.7,10.7,17.2,58.0,17.5
Ritthe,0.5,139.7,0.5,97.3,18.7,11.3,GodGamers,11.6,11.3,14.0,12.6,5.4
Rix,1.0,252.0,1.1,167.3,23.8,18.2,AF,96.2,79.5,97.9,44.3,89.8
Robert Downey Jr,0.9,176.7,0.9,120.7,20.3,23.0,BOD Esports,39.0,45.5,44.2,20.4,32.3
Rohlyn,0.5,118.3,0.4,78.3,26.0,14.0,Medics,5.0,5.1,4.4,61.7,10.8
Romey,0.8,171.3,0.7,117.1,38.1,0.0,Goofy Gremlins,33.1,23.1,39.2,97.9,46.0
Ron1n,0.8,159.0,0.7,96.0,14.0,0.0,Team Wizard,22.2,26.7,12.7,2.3,8.2
Ronan,0.7,166.7,0.7,109.9,25.9,0.0,Pasquallys Pizza Posse,28.5,22.3,26.7,60.7,28.9
Ronnie,0.8,162.3,0.9,106.3,23.0,14.0,Amigos Esports,24.9,45.8,22.4,38.2,27.0
Rossi,1.0,230.0,1.0,144.0,33.0,17.0,Galaxy Esports,88.9,62.4,82.8,91.5,91.7
Rossy,1.0,180.7,1.0,123.2,26.5,23.3,TSM,43.4,66.3,48.1,65.4,56.3
RoteX,1.1,238.4,1.2,152.1,19.4,25.0,Maniacos da Mira,92.9,84.5,91.2,16.0,78.2
Royal,1.0,222.0,0.9,142.0,19.0,20.0,The Last Dance,84.1,49.3,80.3,14.1,58.2
Rseh,0.9,195.0,0.9,131.6,23.6,0.0,Omnipotent Gaming,58.4,51.1,63.2,42.3,53.5
Ruhlsz,0.9,182.2,1.0,111.2,27.0,12.1,Raiju,45.0,66.8,29.4,67.8,51.5
Ruka,0.7,128.0,0.6,87.5,30.4,0.0,miracle victory,7.3,14.0,7.7,84.4,20.9
RunnerPS,1.0,231.7,1.2,152.0,28.3,27.7,Lenny Time,89.7,86.1,91.1,74.9,95.2
Russ,0.8,173.4,0.8,112.3,32.2,11.5,Guild Esports,35.0,39.5,31.2,89.2,46.5
RvK,1.0,199.0,1.4,133.8,32.2,19.0,Enigma Gaming,63.1,95.3,67.0,89.2,88.7
RyZzi,1.1,217.2,1.2,144.9,25.3,15.1,Desperado,80.7,86.4,84.1,56.7,86.6
Ryan,1.0,201.3,1.2,129.0,22.3,27.3,zerotwo,66.0,82.9,58.8,33.6,63.2
Rykinn,0.7,181.6,0.8,122.6,14.4,12.8,Last Resistance,44.0,31.0,46.9,2.9,24.7
S1ick,0.8,167.5,0.7,111.6,21.2,12.1,LEVEL UP,29.2,26.6,30.1,26.3,20.5
S2A,0.7,143.7,0.6,101.0,35.7,11.0,RUSH,13.2,17.0,17.0,96.1,30.6
S4lt,0.6,172.0,0.5,113.0,24.0,0.0,Divided Sons,33.7,11.5,32.0,46.3,24.1
SAKKASI,0.7,160.9,0.7,104.0,32.6,0.0,WNF Esports,23.7,24.7,20.0,90.2,35.1
SCR1M,1.3,282.1,1.9,179.9,27.5,8.9,Union Gaming,99.3,99.7,99.3,70.7,98.6
SEIDER,0.8,154.6,0.8,104.2,38.4,7.6,FunPlus Phoenix,19.4,41.2,20.2,98.0,41.8
SFE,0.6,147.0,0.5,103.3,35.0,0.0,Nocturnals,15.0,8.3,19.3,95.2,28.8
SHEN,0.6,122.3,0.5,79.7,39.7,0.0,The Last Dance,5.8,10.2,4.7,98.5,22.6
SHNOZERBULLDOZER,1.0,229.1,1.0,145.9,22.9,13.1,Able Esports,88.4,65.5,85.6,37.0,75.6
SHUBOOKI,0.7,148.7,0.6,103.8,20.7,6.4,Team Blank,15.8,13.8,19.7,22.7,9.6
SICKeums,0.9,164.2,0.8,108.2,25.1,23.2,GRN Gaming,26.6,39.0,24.8,55.1,31.4
SID,1.0,226.4,1.2,145.0,19.5,9.1,VPZ,86.8,82.0,84.4,16.2,72.9
SOOK,0.6,157.5,0.6,112.2,42.2,7.8,WNF Esports,21.1,12.3,31.1,99.2,37.0
SPLINTEYY,0.7,155.7,0.6,104.3,24.3,0.0,The Plain,20.1,18.8,20.3,49.4,19.2
SRR,0.8,162.3,0.7,104.7,37.7,0.0,GotyPeeks,24.9,20.1,20.7,97.5,36.8
SSSami,1.2,268.0,1.3,169.4,25.3,9.0,Exceeli Esports,98.6,93.2,98.3,56.4,95.6
STRANGER,1.1,211.8,1.1,144.1,22.1,18.4,Salt Esports,75.6,75.3,83.1,32.2,71.7
STYRON,0.8,168.5,0.8,112.1,21.1,17.9,Gaimin Gladiators,30.1,33.2,31.0,26.0,22.9
SUYGETSU,1.1,198.7,1.2,134.5,34.9,17.1,FunPlus Phoenix,62.6,85.2,68.1,95.0,87.5
Sabbs4142,0.4,136.0,0.3,97.0,24.0,0.0,UAESA Green,9.9,2.4,13.5,46.3,9.7
Sacy,1.1,189.2,1.2,124.5,26.4,9.8,LOUD,51.6,82.6,50.4,64.8,66.2
Saiko,0.7,164.0,0.6,99.7,30.3,33.0,SLODI REPUS,26.3,19.3,16.0,84.2,31.5
Saint Cap,1.0,201.4,1.0,132.1,23.7,16.9,Agropesca Jacare,66.1,60.6,64.1,43.0,60.7
Sak1,0.9,223.0,0.8,148.9,21.3,0.0,Asian Ravioli,84.7,41.0,88.6,26.6,62.9
SallY,0.5,121.8,0.5,77.0,25.4,0.0,No Smoke,5.6,8.4,4.1,57.5,10.4
Sam4irukanji,0.8,149.0,0.6,104.7,24.7,0.0,M42 Esports,15.9,15.3,20.7,51.5,17.8
Sameer,1.1,238.0,1.1,148.0,21.0,25.0,Aurelius Esports,92.7,73.0,87.9,24.9,76.2
Sammie,1.0,216.7,1.1,139.3,28.7,0.0,Academy Gaming,80.2,70.3,75.9,76.6,85.2
Samoh,0.6,201.7,0.6,137.0,26.0,0.0,Area of Effect,66.2,17.7,72.8,61.7,54.7
Samurai,0.8,150.0,0.7,103.0,28.3,0.0,LFO,16.4,23.7,18.8,74.9,27.8
SamuraiDeeper,0.8,184.3,0.8,126.4,30.3,6.3,CREST GAMING Zst,47.0,38.6,53.8,83.8,56.4
Samwyyy,0.7,191.7,0.7,130.3,32.7,41.7,Team Astra,54.3,20.1,61.0,90.4,57.5
SanityXDd,0.9,205.4,0.9,133.1,14.4,11.2,MLT Esports,69.7,53.6,65.9,3.0,45.8
Sasaki,0.8,173.7,0.9,113.9,28.2,3.5,leptospirose,35.3,50.2,33.7,74.4,46.1
Sate,0.7,182.0,0.7,113.0,36.0,0.0,Omni Performance SD,44.6,25.0,32.0,96.4,47.5
Satty,0.8,170.0,0.8,118.6,24.9,26.6,Hyperspace Dark,31.5,37.0,41.1,53.2,36.7
SaucetiN,1.0,199.9,1.1,135.9,28.4,11.0,Thanos Mug Academy,63.9,69.9,70.6,75.2,76.6
Sayaplayer,1.1,230.7,1.2,149.8,25.5,14.5,The Guard,89.3,88.2,89.4,57.8,91.4
Sayf,1.2,247.2,1.4,156.8,26.5,11.9,Guild Esports,95.5,95.4,93.9,65.3,96.4
Scargod,0.9,203.8,1.0,134.7,25.0,11.9,God Particles,68.0,57.6,68.4,53.3,65.4
ScreaM,1.1,237.2,1.2,156.1,34.6,9.5,Team Liquid,92.3,85.8,93.6,94.3,98.3
ScrewFace,1.2,270.2,1.4,172.3,21.0,18.2,DarkZero Esports,98.7,96.4,98.7,24.2,89.9
Scroll,1.1,259.0,1.2,170.5,30.9,35.0,TradeLikePros,97.4,89.3,98.4,85.7,98.8
Scrounge,1.0,198.8,1.0,134.5,28.2,15.2,PUGSTARS,62.7,67.3,68.1,74.1,74.0
Secret,1.1,220.8,1.1,144.7,20.8,11.7,Desperado,83.3,79.0,84.0,23.6,73.0
Sennhex,1.2,263.0,1.2,173.0,31.0,20.0,Team Wizard,98.0,82.1,98.8,86.2,98.2
SeolHo,0.9,150.0,0.9,98.5,23.9,12.0,SPEAR GAMING,16.2,49.5,15.1,45.2,25.1
Seraph,0.9,171.0,0.8,118.5,23.2,21.4,9z Team,32.6,42.6,40.8,40.5,34.3
Serenity,0.7,172.8,0.7,110.0,25.7,8.3,ExiLe Gaming,34.3,23.2,27.0,59.0,30.7
Serving,0.9,190.1,1.0,126.2,20.7,12.5,Run it Down,53.0,59.3,53.2,23.0,44.7
Serz,0.9,162.3,1.1,102.4,22.4,0.0,WNF Esports,24.8,80.5,18.4,34.3,35.0
Seven,1.2,267.1,1.4,174.5,25.6,15.9,WNF Esports,98.5,96.4,99.0,58.3,96.7
SexyChristian,0.9,146.0,0.8,95.8,32.6,23.5,ADHD,14.3,35.6,12.4,90.2,33.3
ShO7t,1.2,168.0,1.0,121.0,29.0,20.0,Salt Esports,29.7,62.4,44.5,78.4,53.3
ShahZaM,0.9,179.0,0.9,123.0,24.0,9.9,Sentinels,41.4,52.8,47.5,45.5,44.2
Shane,1.0,175.5,1.1,113.8,20.2,42.7,Green Beans,37.4,79.9,33.6,20.1,39.2
Shanks,1.1,210.1,1.3,129.5,15.1,20.8,Rise,74.0,94.5,59.8,3.7,59.9
Shao,1.2,210.4,1.3,141.3,30.6,24.2,FunPlus Phoenix,74.1,91.6,79.4,85.2,92.9
SharkaiM,1.0,200.7,1.2,126.7,25.3,14.3,NOGAS Esports,65.1,88.8,54.2,57.0,71.0
Sharked,0.8,184.3,0.8,128.7,23.4,14.0,Yasei,47.0,33.2,58.3,41.5,42.1
Shawn12590,1.2,215.0,1.3,138.6,22.3,20.4,Gen.G,78.4,90.6,75.0,34.0,76.0
Sheidheda,1.0,187.1,1.0,125.0,18.6,20.2,Maniacos da Mira,49.9,56.0,51.4,12.2,38.8
ShelL,0.8,212.0,0.8,136.0,26.0,20.0,Cyclonados,75.9,37.8,70.8,61.7,65.0
Shiba,0.6,132.4,0.5,93.0,25.3,0.0,Spectral Purple,9.0,8.6,10.7,56.6,12.5
Shifty,1.0,183.6,1.0,113.6,30.4,21.5,Exotic,46.5,67.0,33.2,84.3,59.5
ShimmyXD,0.7,188.0,0.7,128.3,21.0,25.0,UAESA Green,50.6,24.2,57.5,24.9,34.7
Shin,1.0,266.3,1.2,165.3,31.7,0.0,n0gravity,98.4,83.0,97.2,88.0,98.4
Shiro,1.1,192.6,1.2,130.1,25.8,15.2,ONIC G,55.3,82.4,60.6,59.8,68.9
Shizue,1.1,214.3,1.3,147.9,24.7,8.0,Before,77.8,91.3,87.8,52.0,87.1
Shlam,0.8,194.0,0.8,111.0,33.7,15.7,Team Opulence,57.2,38.3,29.0,92.9,54.3
ShoT_UP,1.2,227.1,1.5,151.4,30.5,18.2,NYFU,87.4,97.7,90.8,84.9,97.9
ShoWTimE,0.7,164.4,0.6,107.6,33.0,11.0,nice try,26.7,19.8,24.0,91.5,36.4
Shock,0.9,166.7,0.8,103.0,22.3,14.3,GONJO,28.5,38.8,18.8,33.6,22.9
Shootah,1.2,268.3,1.4,166.1,24.9,25.0,Elysium,98.6,97.2,97.6,52.8,95.6
ShoukR,0.9,176.1,0.9,112.7,37.0,17.8,Girl Kissers,38.3,48.3,31.5,97.2,53.5
Shrony,1.1,217.5,1.3,137.5,20.7,21.7,SWARM esports,80.9,92.7,73.4,23.4,73.3
Shun,1.1,166.0,1.1,113.4,24.2,10.6,No Namers,27.7,77.2,32.7,48.3,43.9
ShutAsY,1.0,210.8,1.0,144.0,23.8,0.0,Skyline Rebaixado,74.7,66.8,82.8,43.9,72.5
ShuvHoe,0.8,165.2,0.8,114.5,26.0,2.1,Exceeli Esports,26.9,39.8,34.7,61.7,36.8
Shy Jim,0.8,169.0,0.8,111.0,14.3,0.0,Moon Raccoons,30.4,31.2,29.0,2.8,14.6
Shyy,1.0,189.5,1.0,121.0,27.3,14.7,LEVIATÁN,52.1,67.4,44.6,69.9,60.8
SicK,1.0,209.7,1.2,136.2,24.3,17.3,Sentinels,73.7,81.2,71.4,49.1,75.1
Siduzord,1.2,212.1,1.4,140.1,20.4,24.5,puGG,76.0,95.9,77.3,21.2,73.2
Sin,0.7,150.0,0.7,101.9,16.3,8.8,"Jellyspotters, Team Flux",16.4,21.1,17.7,6.0,7.8
SinOoh,1.0,227.5,1.2,141.2,20.8,9.2,18again,87.6,83.8,79.3,23.4,74.6
Sinbad,0.5,143.7,0.5,92.3,36.3,0.0,Rumor 2.0,13.2,9.1,10.5,96.7,26.4
Singularity,1.1,266.0,1.1,164.0,46.0,33.0,BaddiesOnVal,98.4,75.4,97.0,99.7,98.8
Sir0sakii,1.1,247.2,1.2,159.7,24.9,13.5,CoreNine Esports,95.5,83.7,95.6,53.1,92.5
Siscato,1.1,215.5,1.3,144.9,23.0,35.2,BLC,78.8,93.4,84.2,38.2,82.0
SiuFatBB,1.0,222.2,1.2,144.1,30.0,7.2,Griffin E-Sports,84.2,84.1,83.0,83.0,93.7
Siv,0.6,144.0,0.5,99.8,8.7,0.0,Nana's Biscuits,13.4,9.7,16.1,0.3,3.8
Sk9Na,1.1,200.2,1.2,134.4,28.4,3.6,Team GP,64.5,83.3,67.9,75.2,80.8
SkRossi,1.2,265.4,1.4,167.6,25.5,25.0,Global Esports,98.2,95.8,97.9,57.9,96.2
Sketch,0.9,163.6,0.9,110.3,26.8,13.0,Pentagon,25.9,48.3,27.7,66.8,38.5
Skuder,1.2,218.5,1.4,141.2,25.5,36.3,Skyline Rebaixado,81.8,96.5,79.2,58.2,89.1
Skypoof,0.4,111.6,0.3,78.5,25.5,10.0,Patriots,3.9,2.5,4.5,58.0,8.9
Slag,1.0,213.0,1.1,133.5,30.1,11.1,Galaxy Carrots,76.8,71.2,66.8,83.5,83.7
Slandy,0.4,116.9,0.4,83.4,27.9,12.7,Misfits Black,4.7,3.9,5.8,72.3,13.0
SlauGhTer,0.8,200.0,0.8,129.0,15.0,11.0,PieSKipper,64.1,37.8,58.8,3.5,37.2
Slumber,1.0,194.0,0.9,139.3,19.2,9.8,Khumbu Esports,57.2,55.1,75.7,15.1,49.3
Sly,0.9,190.7,0.9,139.0,22.0,7.3,EterNal,53.4,52.2,75.4,31.4,52.5
SmK,1.1,193.7,1.2,125.5,18.4,20.5,ROLO COMPRESSOR,57.0,83.1,52.3,11.8,49.6
Small z,0.8,176.2,0.8,113.2,42.0,0.0,ATS Brave,38.4,37.8,32.4,99.1,51.1
Smez,0.8,173.0,0.7,109.0,33.0,0.0,Runaway,34.6,28.0,25.9,91.5,42.1
Smoggy,1.0,218.0,1.0,141.7,31.3,0.0,EDward Gaming,81.4,67.1,79.8,87.2,89.0
Smoke,1.2,233.4,1.2,146.3,22.9,18.9,SWARM esports,90.5,89.0,86.1,36.7,84.9
SmokeA,1.2,248.0,1.5,158.6,29.4,3.4,Reckoning Esports,95.7,97.7,95.1,80.2,98.6
Snackicals,0.6,130.7,0.5,87.6,16.3,4.7,Spectral Esports,8.2,8.7,7.8,6.0,2.3
Snatch,0.9,176.9,0.9,116.4,27.8,8.2,WNF Esports,39.3,45.2,37.9,72.2,46.5
SoUl RiV3R,1.1,228.2,1.0,139.8,17.1,16.8,Crash Landin on You,88.1,67.9,76.6,7.9,62.7
Soapytw,0.9,165.4,1.0,110.4,22.8,5.2,Vexo Esports,27.1,60.2,28.1,36.5,33.2
SoberSushi,0.3,87.2,0.2,64.7,23.7,0.0,Team Opulence Black,1.1,0.7,1.7,43.0,4.7
Social,0.9,184.8,0.9,126.8,29.0,0.0,Up Next,47.5,52.5,54.6,78.4,60.1
Soda,0.5,107.0,0.4,79.0,21.0,10.0,HotSauCe,3.2,6.2,4.6,24.9,3.5
Sogate,0.8,163.8,0.7,109.9,27.9,6.9,Tartarus,26.1,25.1,26.7,72.4,32.7
Somkitt,0.8,158.0,0.7,116.0,29.3,6.3,ExiLe Gaming,21.5,25.5,37.5,79.8,37.2
Son Keke,1.0,190.7,0.9,128.6,29.3,6.0,Fancy United Esports,53.5,54.9,58.0,79.6,64.9
Soop,0.9,187.7,0.9,128.7,19.5,0.0,Rated Gaming,50.3,44.8,58.3,16.3,39.0
Sopra,0.7,176.8,0.7,112.4,21.1,9.6,AF,39.2,24.8,31.3,25.7,23.1
Soren,0.5,107.7,0.3,73.7,18.3,0.0,GodSpeed Gold,3.3,1.3,3.3,11.3,1.2
Sorrow,0.5,122.0,0.5,78.0,20.0,20.0,Nocturnals,5.7,11.0,4.3,18.9,3.9
Sosa,0.9,215.5,1.0,146.2,21.8,6.0,Vexo Esports,78.8,67.5,86.1,30.0,70.2
Soto,1.1,204.0,1.2,136.4,37.8,21.6,Moon Raccoons,68.3,88.1,71.7,97.6,91.8
Soul,1.1,256.5,1.2,165.6,29.9,17.5,IlluZion,97.1,86.1,97.4,82.1,98.0
Sov,0.8,180.0,0.8,122.0,25.0,31.0,Hyperzero,42.3,36.1,46.2,54.1,41.8
Soyokaze,0.9,150.6,0.9,95.3,19.7,8.2,Utah Bless,17.0,48.6,12.0,17.6,15.1
Sp1Der,0.7,176.0,0.7,118.0,16.0,18.0,SGA,38.0,25.0,40.2,5.2,19.2
Sp1nn,0.9,169.4,0.8,110.6,13.4,0.0,BONDE DO TIRINGA,30.7,34.9,28.3,1.8,15.4
Space Panda,0.9,201.0,1.1,125.0,38.0,0.0,Motos Muito Rápidas,65.7,74.4,51.4,97.8,79.8
Spades,0.8,185.2,0.8,123.9,18.6,12.7,select few,48.1,35.2,49.3,12.4,31.2
Spain,0.6,146.3,0.5,95.7,20.7,0.0,SSA,14.7,6.9,12.2,22.7,6.6
Spaz,1.1,193.0,1.1,129.7,25.0,29.4,Thanos Mug Academy,56.0,70.0,59.9,54.1,62.5
Spectre,1.1,273.0,1.0,174.0,30.0,0.0,LFO,98.9,66.5,98.9,82.6,95.7
Sphinx,0.6,171.0,0.7,98.3,25.3,0.0,Huh,32.6,24.2,14.9,57.0,26.3
Spiduh,0.6,152.0,0.6,95.7,24.2,0.0,Eros,17.7,14.4,12.3,48.4,14.5
Spirit,0.6,152.8,0.5,106.8,26.5,0.0,SSA,18.2,8.5,23.0,65.2,21.2
Spook,1.0,194.0,1.0,133.5,20.2,19.4,New Moon,57.4,63.1,66.7,20.0,50.7
Spread,0.6,152.7,0.6,104.6,25.1,1.9,Early Access,18.2,17.5,20.6,55.0,20.2
Spree,0.5,134.0,0.5,87.0,41.0,0.0,W Streak Esports,9.4,8.1,7.4,98.9,24.2
Sslayer,0.5,132.0,0.4,88.0,12.0,0.0,Dark Circle,8.7,5.6,8.0,0.9,1.5
Ssun,1.1,252.1,1.1,161.3,22.3,18.2,SPEAR GAMING,96.3,80.4,96.1,33.1,86.0
StarFish,0.9,204.3,0.9,131.0,19.7,3.3,Incarnations of Victory,68.8,51.8,62.3,17.1,48.2
Starkz,0.9,192.6,1.0,118.2,29.8,32.0,Astro Esports,55.3,63.6,40.4,81.7,63.0
Starry Night,1.0,215.7,1.2,134.7,33.0,11.3,Hyperzero,79.0,87.2,68.5,91.5,91.9
Starryy,0.5,132.3,0.4,100.0,21.7,0.0,Weenie Hut Jr,8.9,5.6,16.3,29.0,7.6
Stealthy,1.2,231.9,1.4,141.8,20.9,10.1,Solstice Esports,89.9,96.3,80.1,24.0,80.5
Stepbo,0.9,195.0,0.8,135.0,25.3,27.7,Hyperzero,58.4,35.8,69.0,57.0,55.4
Steve Magal,1.0,194.8,0.9,140.0,19.8,16.5,Royal PS,58.2,50.7,77.2,17.7,49.5
Strafin,0.7,170.9,0.7,113.8,25.4,1.7,5 of a Kind,32.4,21.6,33.4,57.6,31.2
Sttlolo,1.0,216.8,1.0,137.3,15.4,3.0,Odin&Amigos,80.5,64.5,73.3,4.2,56.1
Stunner,0.5,66.0,0.3,50.0,13.0,0.0,T1,0.3,1.6,0.4,1.5,0.2
Stylish Villain,1.1,210.5,1.1,136.9,24.0,16.2,Lone Way E-SPORTS,74.3,77.4,72.6,46.3,73.3
Subroza,1.0,214.7,1.1,140.8,29.2,9.4,TSM,78.1,76.6,78.5,79.1,88.2
SugarZ3ro,1.0,204.7,1.1,134.4,29.9,23.8,ZETA DIVISION,69.0,76.3,67.9,82.1,82.2
Sugarfree,1.0,196.2,1.1,133.0,28.6,12.7,Big Baller Brand,59.5,78.1,65.6,76.0,76.6
Suhnny,0.9,163.5,0.9,106.2,27.1,12.0,Team Flux,25.7,43.7,22.3,68.4,35.8
Suho,1.1,252.2,1.2,160.4,26.2,9.6,Kaiser Thane,96.3,83.8,95.8,63.2,94.8
Suivin,0.4,138.0,0.5,86.3,23.0,0.0,tropa da nina,10.8,7.2,6.9,38.2,8.0
Suka,1.1,223.5,1.1,145.5,26.4,13.5,Fancy United Esports,85.1,79.4,85.1,64.7,88.5
Sultinate,0.7,211.0,0.8,145.0,17.0,0.0,24Haven,74.9,42.4,84.4,7.5,51.6
SungJin,1.0,185.6,1.0,121.4,25.3,16.0,SPEAR GAMING,48.5,69.2,45.2,56.2,55.0
Sungbin,1.0,210.4,1.0,142.9,32.8,10.0,Next eSports,74.2,68.1,81.5,90.8,88.6
SupahShaf,0.8,186.0,0.6,123.0,16.0,50.0,Corn Dogs,49.0,19.3,47.6,5.2,23.3
Surf,1.0,221.5,1.1,142.4,23.8,5.5,XERXIA Esports,83.9,74.9,80.9,44.1,78.0
Surpr1seeeeeeeee,1.3,227.0,1.8,139.8,33.0,26.4,Medellin,87.2,99.6,76.7,91.5,97.1
Sushiboys,1.0,195.0,1.0,130.8,23.2,13.5,XERXIA Esports,58.3,61.1,61.8,39.9,55.7
Sushie,1.1,209.0,1.0,139.3,19.0,0.0,TEN-5,72.9,66.5,75.9,14.1,59.0
Suspy,0.3,89.0,0.3,60.0,24.0,0.0,Pacific Gaming,1.2,2.4,1.0,46.3,5.7
Sw3,0.8,142.0,0.7,103.0,27.0,9.0,Nunca Tentamos,12.6,22.6,18.8,67.8,23.7
SwN,0.7,148.0,0.7,95.0,18.3,0.0,Raiju,15.5,20.9,11.8,11.3,7.5
SwagBob,0.7,140.0,0.5,95.0,19.0,10.3,Bababooey,11.8,11.7,11.8,14.1,5.4
Swami,0.7,175.3,0.6,116.6,20.6,14.7,Face Off,37.3,18.0,38.2,22.3,21.5
SwayZ,1.1,246.0,1.1,155.0,22.0,25.0,Sussy,95.3,70.6,93.0,31.4,80.6
Swervo,1.0,193.4,1.1,132.4,19.8,49.7,Vexo Esports,56.4,77.4,64.6,18.0,53.8
Swifts,0.9,218.5,0.9,143.7,21.5,14.2,Synergy,81.8,54.3,82.4,27.7,65.1
SylFy,1.0,186.3,1.1,126.8,23.0,10.5,Jadeite,49.4,71.8,54.7,38.2,53.0
Sylvan,1.1,217.6,1.2,142.1,28.5,19.3,World Game Star,81.1,89.5,80.4,75.7,92.0
Synergy,0.9,162.6,0.7,114.7,23.0,7.9,ValorsGG,25.1,29.6,35.0,38.2,25.8
Synk,1.2,278.0,1.4,179.7,38.0,9.3,North Stars,99.0,95.5,99.3,97.8,99.9
SyouTa,1.0,221.5,0.9,146.6,23.3,8.4,CREST GAMING Zst,83.8,49.9,86.4,40.6,69.6
Szoboszlai,0.9,153.8,0.8,101.3,19.0,11.6,Warriors Esports,18.8,39.7,17.3,14.1,13.8
Szohn,1.2,264.3,1.3,167.7,26.3,19.0,Everyone's Nemesis,98.1,92.0,97.9,63.9,96.7
T4SER,0.8,191.9,0.8,127.5,32.0,6.8,Amollang,54.6,42.6,55.9,88.7,63.3
TEMPEST,0.8,166.0,0.8,112.3,19.7,21.4,SNJ,27.7,31.5,31.3,17.1,18.9
TENNN,0.9,208.8,0.9,137.2,25.8,14.2,ZETA DIVISION,72.5,54.3,73.2,60.1,69.4
THE GAGO,1.0,260.0,1.0,161.0,32.0,25.0,Kings,97.6,58.1,95.9,88.7,95.0
THEELOVEFAMILY,1.0,196.2,1.1,126.7,28.7,1.2,FULL SENSE,59.5,75.2,54.5,76.9,71.7
THOOMER,1.0,196.5,1.0,126.3,22.8,9.4,AstraSect,59.6,67.2,53.5,36.3,53.9
TOFH,0.7,149.9,0.6,105.0,17.0,0.0,SWARM esports,16.1,14.5,21.0,7.5,7.3
TONRAQ,0.7,171.6,0.6,119.4,16.6,21.7,Goofy Gremlins,33.3,16.2,42.2,6.4,16.3
TORANECO,1.0,185.0,0.8,123.0,24.8,6.0,BLUE BEES.ESP,47.8,39.4,47.6,52.2,44.1
TRIGUE,1.0,193.0,1.1,124.7,30.0,17.7,Motos Muito Rápidas,56.0,76.0,50.7,82.6,71.2
TRULS,0.8,169.0,0.7,111.5,25.5,16.0,Carpe Noctem,30.4,28.6,29.9,58.2,31.9
TS,1.1,204.9,1.2,133.6,23.8,14.3,Incheon On Sla2ers,69.3,87.6,66.8,44.4,72.4
Tackoo0,0.3,154.0,0.5,112.0,24.7,0.0,Explicit,19.0,9.1,30.8,51.5,19.8
Tacolilla,1.1,212.9,1.2,136.4,24.2,12.5,LEVIATÁN,76.7,85.2,71.7,48.7,77.3
Tadasho,0.8,170.0,0.7,120.3,25.3,0.0,Griffos E-Sports,31.5,23.4,43.6,57.0,34.1
Taegeun,0.6,175.9,0.6,130.4,28.9,0.0,FIRST PIECE,37.8,15.1,61.2,77.5,45.7
Tak1,0.9,180.5,0.9,115.1,18.2,3.2,Renegados,43.3,48.7,35.8,11.0,29.0
TanglyTree629,0.8,196.0,0.8,133.0,24.0,0.0,Ugly Hamsters,59.2,30.3,65.6,46.3,48.8
Taser,1.1,185.8,1.2,126.1,26.0,19.7,Tartarus,48.7,87.7,53.0,61.1,66.5
Tastyy,0.7,190.0,0.8,130.7,33.3,0.0,Tempest Gaming,52.8,41.3,61.7,92.3,65.7
Tchu,1.0,237.7,1.0,160.3,20.1,68.1,OS GURI DA GERAL DO GREMIO,92.5,66.5,95.7,19.8,74.8
Tchuco,0.2,94.0,0.3,63.0,28.0,0.0,tropa da nina,1.7,1.9,1.5,73.0,11.0
Tea,1.1,241.7,1.2,154.0,36.3,0.0,NEW ERA,94.1,81.9,92.6,96.7,98.3
Teague,0.9,173.5,0.8,115.8,19.9,16.3,Thanos Mug Academy,35.1,30.7,37.2,18.3,23.4
Teddy,0.9,170.0,0.9,113.8,30.1,0.0,Project A,31.5,55.4,33.5,83.1,49.4
Teerapong,0.9,211.7,1.0,140.0,25.2,5.4,FW Esports,75.5,60.8,77.2,55.8,72.8
Teets,0.7,173.4,0.7,115.7,25.5,0.0,Go 4 Broke,35.1,29.5,37.1,58.1,35.7
Temperature,1.1,193.9,1.2,135.2,27.2,20.1,Solstice Esports,57.1,86.5,69.4,69.0,77.3
Tempt,1.1,210.8,1.1,135.8,24.9,22.8,Northern Forces,74.6,74.7,70.4,52.8,74.1
Tempz,1.0,191.1,1.0,120.1,23.7,29.2,No Namers,53.9,59.2,43.1,43.6,48.1
TenZ,1.1,243.4,1.2,156.9,21.5,27.9,Sentinels,94.7,85.2,94.0,27.8,84.8
Texta,1.1,205.6,1.2,129.1,27.9,33.3,ORDER,69.8,85.6,59.0,72.3,78.9
ThG,0.9,172.8,0.8,116.6,16.2,9.1,Salut e-Sports,34.2,37.5,38.3,5.9,21.5
Thigwrb,1.0,205.2,1.1,138.1,38.9,10.9,Elysium,69.5,75.5,74.5,98.1,89.7
ThinZ,1.1,210.7,1.3,137.8,25.5,24.0,Khumbu Esports,74.5,92.2,73.9,58.1,83.8
Thom,1.3,333.0,1.5,226.0,34.0,0.0,Neons Ninjas,100.0,98.3,100.0,93.6,99.9
Thomas,0.3,95.0,0.3,69.3,16.0,0.0,freelo,1.8,1.3,2.5,5.2,0.8
ThunderFlash,0.7,138.5,0.6,100.2,14.5,12.5,Crash Landin on You,11.2,15.1,16.6,3.0,4.6
TiGG,1.0,185.6,1.0,123.0,24.0,20.6,Shopify Rebellion,48.4,63.6,47.4,45.5,50.0
Tillo,1.0,179.6,0.9,123.1,19.3,0.0,ADHD,41.8,43.8,48.0,15.4,32.3
Tim,1.0,212.0,1.0,138.0,19.0,25.0,Lycus Empire,75.9,62.4,74.2,14.1,57.6
Timburr,0.9,186.0,0.9,129.4,24.7,0.0,Team Flux,49.0,47.2,59.5,51.5,50.8
Ting,0.7,189.3,0.7,128.3,20.4,0.0,Asian Ravioli,51.9,20.3,57.4,21.4,33.0
Tiraye,0.6,148.0,0.6,97.0,22.3,20.0,Gen.G Black,15.5,16.9,13.5,33.6,11.3
Tisora,1.1,247.1,1.2,159.9,19.8,13.1,Galaxy Carrots,95.5,82.4,95.6,17.9,81.1
Tkaz,1.0,220.0,1.1,145.4,25.0,11.1,Cosmic Divide,82.9,78.6,85.0,53.4,84.2
ToastyUnicorns,0.7,191.0,0.7,126.7,25.3,0.0,Scooby Gang,53.8,25.5,54.2,57.0,45.5
TomZu,0.6,121.6,0.5,80.0,24.0,8.0,Zeal,5.6,9.1,4.9,46.3,8.5
Tonho,0.8,169.2,0.8,106.8,23.2,0.0,Royal PS,30.6,31.8,23.0,40.5,24.9
TonkeyyKong,0.7,161.9,0.6,105.5,19.6,7.3,Omnipotent Gaming,24.3,19.4,21.3,16.6,11.7
Top,1.1,232.0,1.2,163.0,30.0,18.0,Aspire,90.0,88.7,96.6,82.6,97.6
Tornado,0.7,162.7,0.7,106.3,37.7,0.0,Never Miss,25.2,28.7,22.4,97.5,40.2
Torres,1.1,219.1,1.2,137.7,36.8,22.1,Os Selvagens,82.1,82.3,73.6,97.0,93.9
Torrify,1.0,219.4,1.1,143.8,19.8,16.1,FUSION,82.5,72.8,82.5,18.2,68.2
Toshi,0.8,212.7,0.9,149.9,28.3,0.0,Nameless Esports,76.5,44.3,89.4,74.6,78.3
Trajan1sk,0.9,162.0,0.9,104.3,25.7,0.0,os reis do fluxo,24.5,45.3,20.3,59.0,32.4
Trax,1.0,215.9,1.1,145.2,27.6,13.0,RAGE eSports,79.3,72.3,84.8,71.2,86.5
Trick,1.0,214.4,1.1,140.4,17.8,19.9,DarkZero Esports,78.0,73.6,77.6,9.5,62.1
Trill,1.1,188.5,1.2,126.9,24.6,23.1,SoaR,51.2,85.1,54.8,50.9,63.5
Trippy,0.8,191.7,0.8,129.3,28.7,16.3,IlluZion,54.3,36.8,59.3,76.6,57.8
Tristiieee,1.0,187.4,1.0,128.1,21.8,13.3,Green Beans,50.2,56.6,56.9,29.5,46.0
Troll,0.9,174.2,1.0,114.1,21.9,12.8,Unknown,35.9,68.1,34.1,30.8,38.6
Truth,1.2,280.9,1.3,172.8,29.5,37.5,Eclectiq,99.2,93.1,98.7,80.8,98.9
Trygon,0.5,126.0,0.4,83.4,30.1,5.3,RIT Orange,6.6,6.1,5.8,83.4,17.3
Tuli,0.7,193.5,0.8,127.1,27.5,10.7,9z Team,56.6,33.0,55.4,70.7,53.7
Turko,0.9,175.2,1.0,113.6,32.5,8.7,BBL Esports,37.2,63.1,33.1,89.9,56.4
Twisten,1.0,220.5,1.0,143.7,25.3,3.8,BIG,83.2,56.4,82.5,57.0,76.5
Twizdd,0.8,191.9,0.9,126.5,20.3,18.5,Omnipotent Gaming,54.6,53.4,54.0,20.4,42.9
TxoziN,1.0,175.2,1.1,113.4,25.7,29.8,Rise Gaming,37.2,75.6,32.8,59.0,49.8
Typhon,0.6,121.2,0.5,78.2,20.2,0.0,Tempest Gaming,5.5,10.5,4.4,20.2,4.1
Tyrone,0.7,217.0,0.8,142.0,26.0,0.0,Moonrise Black,80.6,30.3,80.3,61.7,67.2
Tétra,0.4,146.0,0.5,90.0,21.0,0.0,5 of a Kind,14.3,9.1,8.9,24.9,6.8
UJ,0.6,170.0,0.6,113.0,33.0,20.0,W Streak Esports,31.5,13.4,32.0,91.5,38.4
UPBO,0.6,134.1,0.6,87.9,17.6,16.6,FIRST PIECE,9.5,12.7,7.8,8.9,3.5
URUBU,0.7,174.0,0.5,137.0,25.0,14.0,Akuma Team,35.7,9.9,72.8,54.1,39.7
UdoTan,1.0,219.5,0.9,141.0,22.8,27.0,GoNGo Prince,82.6,51.3,78.8,36.2,66.1
UnE,0.7,109.7,0.5,79.0,19.0,17.7,GCA,3.7,8.7,4.6,14.1,2.5
Uncreative,0.9,200.2,0.8,134.9,25.3,12.4,RILLAS,64.6,33.7,68.9,57.0,56.9
Unholykid,1.0,235.5,1.1,152.2,26.5,11.1,Gifted,91.6,80.2,91.3,65.4,92.5
Unlucky Aim,1.0,199.0,1.0,131.6,24.2,15.8,SGA,62.9,65.1,63.2,48.3,62.3
Upa,0.6,129.9,0.6,83.6,19.6,13.1,Nameless Esports,7.8,14.4,5.9,16.5,4.4
Urango,0.9,210.1,1.0,137.0,31.3,12.4,Botafogo eSports,74.0,64.2,72.8,87.1,83.5
V01d,0.7,177.0,0.7,117.0,19.0,33.0,MEETWO,39.4,23.7,38.8,14.1,21.7
V0NS,0.7,148.9,0.7,97.6,30.1,0.0,ValorsGG,15.8,27.0,14.1,83.1,29.4
V1NNI,1.0,162.6,1.1,99.4,21.0,0.0,Medellin,25.1,75.9,15.6,24.9,29.8
V3nom,0.9,179.7,0.9,122.7,25.7,12.3,M42 Esports,41.9,47.6,47.0,59.0,46.7
VANSQUAD,0.7,198.0,0.8,131.7,20.7,10.3,FIRST PIECE,61.6,36.8,63.4,22.7,43.4
VHL,1.0,200.1,1.1,130.6,38.6,21.7,3P eSports,64.4,76.5,61.6,98.0,84.5
VYX,0.9,179.8,0.9,120.5,33.2,10.1,Rated Gaming,42.0,51.7,43.7,92.0,58.9
VaNt,0.7,158.3,0.7,108.7,32.7,0.0,RAGE eSports,21.8,20.4,25.5,90.4,35.0
VaiByGoD,0.7,147.0,0.6,105.7,27.3,0.0,Optimistic eSports,15.0,17.7,21.6,69.9,24.3
Vapzo,1.1,294.3,1.3,184.3,23.0,44.3,Nunca Tentamos,99.6,92.5,99.5,38.2,92.9
Veer,0.7,138.1,0.6,98.8,28.1,15.2,Phoenix2,11.0,15.5,15.2,73.9,21.4
Velocity,1.1,204.0,1.2,135.8,24.0,5.5,Zer0 Latency,68.2,84.3,70.5,45.4,72.5
Vengeance,0.9,203.3,0.9,134.3,21.0,27.7,fakezinho dos guri,67.5,48.1,67.8,24.9,51.3
Vera,1.1,240.4,1.3,159.4,27.2,21.5,No Namers,93.6,90.5,95.4,69.0,95.9
Vernina,0.7,176.6,0.7,118.5,33.5,4.3,Misfits Black,38.8,24.1,40.8,92.7,46.9
Veroneze,0.9,167.0,0.8,111.6,24.4,3.7,Team Vikings,28.8,33.1,29.9,50.0,30.1
ViSioNKiLleR,0.6,152.0,0.6,104.0,23.3,0.0,RIT Orange,17.7,12.4,20.0,41.0,14.2
Vici,0.9,182.4,0.9,115.5,30.4,19.4,Sengoku Gaming,45.4,48.2,36.7,84.5,53.2
Victor,1.0,215.8,1.1,140.8,24.0,18.2,OpTic Gaming,79.2,72.6,78.3,45.5,75.1
Vigilance,0.9,204.8,0.9,135.8,20.3,12.6,Team Mystic,69.1,46.6,70.4,20.6,50.4
Vint0n,0.5,113.7,0.4,77.0,10.0,0.0,Weenie Hut Jr,4.3,4.9,4.1,0.5,1.0
Viole,0.7,162.0,0.6,103.0,28.0,0.0,Storm Tiger,24.5,18.5,18.8,73.0,28.1
Violet,0.7,114.5,0.6,82.8,23.0,36.8,SNJ,4.5,18.7,5.5,38.2,8.7
Vladzera,0.4,110.3,0.4,85.0,24.7,0.0,Expect Nothing,3.8,2.8,6.4,51.5,8.3
VolcaN,1.1,233.6,1.3,150.3,19.6,12.9,Unknown,90.6,91.9,89.8,16.4,79.5
Vora,1.1,176.0,1.2,115.4,23.3,7.1,Team Rocket,38.0,83.2,36.6,41.0,47.7
Vorteez,0.8,166.9,0.7,115.0,20.7,6.2,SYR,28.7,22.8,35.6,23.1,19.6
Vortex,0.9,139.0,0.7,91.7,19.0,20.3,Blind Esports,11.3,29.0,9.9,14.1,8.2
Vow,1.1,202.5,1.2,136.0,31.3,17.3,Desperado,66.8,89.7,71.0,87.1,88.6
Vy,0.8,176.0,0.7,129.0,31.0,25.0,LionHeart,38.0,26.7,58.8,86.2,51.7
W1nner,1.0,194.6,1.0,125.9,28.0,11.6,Griffin E-Sports,58.0,58.6,52.7,73.5,64.0
WARDELL,1.2,221.6,1.5,139.9,20.2,23.1,Version1,83.9,98.3,77.0,19.9,76.5
WATSON,0.9,150.3,1.0,96.0,17.9,0.0,m.eS Revolutionary Gamers,16.8,58.0,12.7,9.9,15.9
WIX,1.0,199.8,1.1,133.0,30.1,13.0,Maru Gaming,63.7,71.0,65.5,83.2,77.8
WOW,1.0,231.5,1.1,149.4,19.1,18.0,Primary Gaming,89.6,73.2,89.2,14.9,72.0
WRECKER,0.7,132.0,0.6,90.8,32.0,10.5,GONJO,8.7,19.5,9.2,88.7,25.2
WRONSKI,1.0,223.1,1.1,141.3,31.9,22.0,ORDER,84.9,77.0,79.4,88.4,92.8
Waffle,0.8,157.1,0.7,109.2,27.4,3.0,Zero MarksMen Silver,20.9,28.0,26.2,70.4,31.4
Waltz,0.6,134.7,0.6,85.6,25.0,26.1,FYL,9.6,14.3,6.7,54.1,12.4
Wamm,0.4,137.7,0.4,86.3,45.7,0.0,Rumor 2.0,10.4,6.3,6.9,99.7,24.0
Warning,0.5,160.0,0.6,100.0,28.3,0.0,Fitoor Esports,23.0,19.5,16.3,74.9,27.7
Warzone,0.4,130.0,0.4,90.6,17.0,0.0,Patriots,8.0,3.1,9.2,7.5,2.2
Wavy,1.1,214.8,1.1,138.3,20.6,10.2,CNJ Esports,78.2,79.9,74.8,22.2,68.0
Way,0.7,192.3,0.8,121.7,26.3,7.0,Never Miss,55.1,43.5,45.6,63.9,51.2
Wendigo,0.8,190.8,0.9,130.2,26.3,19.7,Team MystiC,53.6,45.7,60.6,63.9,56.6
Wendy,0.5,94.8,0.4,68.8,19.8,16.0,PieSKipper,1.8,4.8,2.4,17.7,2.0
Wenty,1.0,215.1,1.0,144.4,30.5,9.4,Tartarus,78.4,68.9,83.6,84.7,89.0
WhAtZ,1.2,216.7,1.9,153.0,42.0,44.3,WNF Esports,80.2,99.7,91.9,99.1,98.8
Whimp,1.1,227.8,1.4,151.5,25.3,16.9,tryouts,87.8,95.7,90.8,56.3,93.1
Whisel,0.6,131.0,0.5,87.1,24.8,0.0,Pasquallys Pizza Posse,8.3,9.5,7.6,52.6,10.9
WhiteHorse,1.3,216.1,1.5,146.0,24.9,58.6,God Particles,79.7,97.8,85.8,52.8,89.2
Whost,0.6,144.0,0.6,96.6,22.0,0.0,5 of a Kind,13.4,16.3,13.3,31.4,10.1
WiLD,1.1,214.6,1.1,141.7,23.0,0.0,afterMath Esports,78.1,73.3,79.8,38.2,72.8
WicK,0.6,156.0,0.6,98.3,29.5,9.1,GodSpeed Gold,20.3,17.0,14.8,80.9,27.5
Wild0reoo,0.7,180.5,0.7,107.0,31.1,8.3,Oasis Gaming,43.2,26.1,23.2,86.7,41.9
Will,1.1,228.4,1.2,145.9,17.9,18.7,100 Thieves,88.2,84.2,85.6,10.0,72.4
WinDoge,0.6,138.0,0.5,92.1,23.7,0.0,SLODI REPUS,10.8,7.7,10.4,43.0,9.6
Winsum,1.0,217.8,1.0,141.7,17.8,5.8,BASED,81.3,63.0,79.8,9.5,60.5
Witz,1.0,200.9,1.2,129.4,22.8,19.7,Team Secret,65.3,82.7,59.4,36.6,64.4
Wojo,0.7,191.0,0.8,118.7,19.7,0.0,Pulsar Red,53.8,40.8,41.2,17.1,33.5
Wolffe,0.8,194.0,0.9,127.0,20.0,20.0,StayHydrated,57.2,54.6,55.0,18.9,43.9
Wolsan,0.9,148.0,0.8,103.3,17.3,16.0,Fiat Lux,15.5,36.8,19.3,8.3,11.3
Wolverine,0.9,227.3,0.9,146.9,28.8,12.9,KPZ,87.5,50.9,86.7,77.3,85.1
WorldRise,0.6,155.7,0.6,105.6,18.0,0.0,Moonrise Black,20.1,13.2,21.4,10.5,8.3
Wrench,0.8,183.0,0.7,126.0,24.0,0.0,Blind Esports,46.0,28.0,52.9,46.3,39.9
Wyz,0.8,180.4,0.8,118.9,26.7,7.9,FUSION,43.1,34.8,41.4,66.3,43.8
XXiF,1.1,210.3,1.2,138.1,25.8,14.3,Knights,74.0,89.6,74.5,60.0,83.6
Xamber,0.8,170.0,0.7,108.6,24.0,0.0,Aquele lá,31.5,25.3,25.4,46.3,26.2
Xander,0.3,94.0,0.3,69.3,24.0,0.0,Goofy Gremlins,1.7,1.4,2.5,46.3,5.9
Xandrite,0.9,185.0,0.9,119.7,17.6,25.8,NORTHEPTION,47.8,47.1,42.5,8.9,31.7
Xdll,1.0,206.1,1.0,131.9,23.5,0.0,BLUE BEES.ESP,70.3,57.9,63.7,41.8,60.6
Xeno,0.6,160.0,0.5,114.0,28.0,0.0,Cloud Nein,23.0,10.5,33.9,73.0,29.5
Xeppaa,1.1,225.8,1.2,145.7,23.1,18.9,Cloud9,86.5,82.8,85.4,39.3,81.9
XiSTOU,1.0,197.9,0.9,135.0,27.6,8.4,Papara SuperMassive,61.3,51.6,69.0,71.2,67.3
XieXiE,0.8,126.0,0.7,90.1,12.1,0.0,Everyone's Nemesis,6.6,23.1,9.0,1.0,3.8
XingRalph,0.9,209.0,0.9,137.3,25.0,0.0,AJF e-Sports,72.9,49.3,73.4,54.1,66.3
Xomp,1.1,238.0,0.9,149.3,18.0,0.0,Elon Homies,92.7,50.2,89.1,10.5,63.8
XägaS,1.1,219.4,1.3,142.9,23.4,6.8,Raiju,82.5,90.7,81.4,41.3,82.5
YEGNick,0.3,97.7,0.3,61.0,9.7,0.0,UAESA Green,2.0,1.7,1.2,0.5,0.3
YESicaN,1.0,199.7,1.0,131.4,27.8,16.8,Fancy United Esports,63.6,65.2,62.8,72.0,70.8
YJS,1.0,223.1,1.1,146.0,20.9,11.4,Able Esports,84.9,75.2,85.8,23.9,73.0
YRSelect,0.9,186.6,1.0,123.8,23.8,10.5,Griffin E-Sports,49.5,58.3,49.2,44.4,48.8
YaBoiDre,1.1,226.1,1.3,148.9,28.8,17.4,NYFU,86.6,92.8,88.7,77.3,95.5
Yacine,0.7,139.2,0.6,88.2,17.6,12.6,Guild Esports,11.5,18.4,8.2,8.9,4.8
Yahoo,0.7,120.0,0.5,89.0,23.0,0.0,StayHydrated,5.2,9.1,8.5,38.2,7.7
YamzzI,0.9,166.2,1.0,111.0,24.5,11.0,oFby,28.0,58.9,29.0,50.2,37.7
Yape,0.9,204.9,1.1,123.9,22.9,11.5,Desire Rising,69.2,70.7,49.4,37.1,57.6
Yee,0.9,209.9,0.8,141.1,21.6,5.4,Jit Lickers,73.7,35.1,79.2,28.4,53.7
YoGreenPanda,0.6,163.0,0.6,108.3,22.3,0.0,Spectral Esports,25.4,18.9,25.1,33.6,17.7
Yolo,0.9,170.7,0.8,113.9,23.6,13.4,Mach5,32.0,41.5,33.6,42.1,32.4
Yosemite,0.9,207.1,1.0,133.4,20.3,8.6,KONE eSports Club,71.3,61.0,66.6,20.9,55.2
Yoshii,1.2,234.4,2.0,141.0,20.0,27.2,Big Baller Brand,91.0,99.8,78.8,18.9,79.5
YoungKazz,0.8,214.0,0.8,142.3,26.3,0.0,5 of a Kind,77.6,33.9,80.8,63.9,68.3
Yum07,0.6,137.0,0.5,89.0,21.5,0.0,BaddiesOnVal,10.2,10.7,8.5,28.0,6.9
Yummy,0.8,191.0,0.7,127.8,33.8,9.8,PieSKipper,53.8,29.4,56.3,93.0,60.0
Yun,0.7,156.3,0.7,103.3,28.2,15.9,Pentagon,20.5,28.8,19.3,74.2,30.3
Yuno,0.4,105.7,0.3,78.0,14.0,25.0,CG,3.0,1.9,4.3,2.3,0.9
ZA,0.3,102.5,0.3,76.5,13.8,0.0,1TK,2.7,0.9,4.0,1.9,0.7
ZURC,0.9,179.8,0.9,119.8,33.4,8.3,mozzy,41.9,46.3,42.6,92.5,56.5
ZVCH,0.9,178.7,0.8,127.7,21.3,24.0,OneShot Esports,41.1,38.8,56.1,26.9,36.7
ZZAN,0.9,189.0,0.8,130.0,40.0,14.3,HotSauCe,51.5,42.8,60.3,98.6,67.4
ZachaREEE,1.0,200.0,1.2,131.7,22.6,22.0,Akrew,64.0,83.5,63.5,35.1,64.9
Zachh,0.6,136.0,0.5,93.1,19.0,0.0,Agoge Gaming,9.9,9.1,10.8,14.1,4.3
Zamas,0.6,141.7,0.5,108.3,34.7,0.0,Rose,12.4,12.0,25.1,94.6,30.9
Zanatsu,1.2,225.2,1.3,145.6,23.2,32.8,Utah Bless,86.3,90.7,85.2,40.3,85.1
Zane,0.9,176.8,0.8,120.4,19.0,28.6,Go 4 Broke,39.1,31.8,43.6,14.1,26.2
Zap,1.0,238.6,1.1,156.0,22.5,6.4,Tuzzy E-Sports,92.9,76.2,93.6,34.8,83.2
Zaps,0.8,131.0,0.7,94.0,20.0,0.0,Amigos Esports,8.3,28.0,11.3,18.9,8.6
Zarakii,0.3,92.0,0.3,67.0,9.0,25.0,Cloud Nein,1.5,1.0,2.1,0.4,0.3
Zek,1.0,260.3,1.0,163.0,39.0,0.0,Amigos do Pitoco,97.6,64.9,96.6,98.3,97.6
Zeker,0.9,217.0,0.9,149.0,26.0,0.0,EterNal,80.6,53.2,88.8,61.7,78.1
Zellsis,1.2,229.2,1.4,147.0,20.7,23.5,Sentinels,88.5,97.0,87.1,23.3,82.5
Zennakukin,1.0,216.5,1.1,142.7,35.0,33.5,BLUE BEES.ESP,80.0,69.7,81.2,95.2,91.9
ZerG,1.0,199.8,1.1,129.2,27.5,17.5,Chapter 4,63.8,70.1,59.1,70.5,70.7
ZeroData,1.0,185.5,1.1,124.1,24.5,21.9,Run it Down,48.3,74.1,49.8,50.2,56.1
Zerost,0.8,184.4,0.8,121.3,22.9,8.7,Sengoku Gaming,47.2,38.4,45.0,37.0,38.1
Zest,1.1,193.6,1.2,126.1,31.6,24.4,DRX,56.9,82.2,53.1,87.7,76.7
ZexRow,1.1,241.3,1.3,153.2,21.8,20.4,DarkZero Esports,93.9,92.8,92.0,30.1,87.0
Zey,0.9,206.0,1.0,127.0,33.0,0.0,NAOS,70.1,67.9,55.0,91.5,78.2
ZiggyAZ,0.7,134.0,0.6,94.0,26.1,0.0,ExiLe Gaming,9.4,16.1,11.3,62.8,16.7
ZinG,1.0,198.3,0.9,134.0,29.3,0.0,nA Whiff Masters,62.1,54.0,67.4,79.8,70.6
ZmjjKK,1.1,260.7,1.3,161.4,22.4,19.8,EDward Gaming,97.7,90.8,96.2,34.2,90.1
Zoboomafoo,1.0,229.4,1.0,155.7,26.7,0.0,James Madison University,88.6,55.8,93.3,66.3,85.4
Zodiac,0.7,152.3,0.6,106.3,25.7,25.0,LFO,18.0,14.1,22.4,59.0,21.0
Zoestol,1.1,226.8,1.2,146.8,21.6,12.2,Mach5,87.1,83.0,86.6,28.8,78.5
Zulu,0.8,168.0,0.7,111.7,20.3,23.3,Storm Tiger,29.7,24.6,30.3,20.9,18.5
Zutto,0.8,168.5,0.6,114.6,19.4,0.0,Explicit,30.1,12.3,34.9,15.9,14.5
Zyppan,1.1,222.5,1.1,149.0,29.3,18.1,FunPlus Phoenix,84.4,77.6,88.9,79.5,93.0
a1dz,0.5,98.0,0.4,62.0,22.0,0.0,The Chads,2.2,4.0,1.4,31.4,3.6
a1m akm,0.6,142.2,0.6,98.0,17.0,0.0,PC,12.7,12.3,14.5,7.5,4.8
aKx,0.7,206.0,0.8,131.0,32.0,0.0,Weenie Hut Jr,70.1,34.1,62.3,88.7,68.1
ableJ,1.0,177.1,1.0,121.1,22.4,29.2,FURIA,39.5,65.8,44.8,34.1,43.4
acids,0.6,144.1,0.5,91.9,20.9,32.1,MEW2,13.5,10.0,10.1,23.8,6.9
acrian,0.9,203.9,0.9,134.5,20.0,4.2,afterMath Esports,68.1,47.6,68.1,18.9,49.2
adrnking,1.0,181.9,1.0,117.7,29.0,16.6,Alter Ego,44.3,64.7,40.0,78.4,58.0
advance,0.4,119.7,0.4,87.0,23.3,0.0,Area of Effect,5.1,3.2,7.4,41.0,6.7
adverso,1.0,201.2,1.0,131.2,26.0,11.1,LEVIATÁN,65.9,63.2,62.7,61.7,67.5
agM,1.0,183.4,1.3,122.7,25.6,15.8,Complexity,46.3,91.5,47.1,58.5,64.1
agüero,0.7,177.7,0.7,117.0,36.3,11.3,Dark Circle,40.0,20.1,38.8,96.7,46.7
aikz,0.6,186.0,0.6,121.0,22.0,0.0,Team Suits Gaming,49.0,18.5,44.5,31.4,30.6
aimDLL,0.9,184.6,0.9,124.3,28.2,12.4,BBL Esports,47.3,50.3,50.0,74.1,55.8
aimred,1.0,216.0,1.0,145.0,31.7,36.7,Lycus Empire,79.4,69.3,84.4,87.9,90.7
akku,1.3,265.7,1.4,173.3,29.3,17.7,NPGTxD,98.3,97.4,98.8,79.8,99.2
aks,0.6,174.0,0.6,103.0,12.7,0.0,Elon Homies,35.7,14.2,18.8,1.2,9.2
alcantara,0.4,86.0,0.3,61.0,39.0,0.0,S4-GE,0.9,1.0,1.2,98.3,17.2
alexis,0.9,164.3,0.8,108.2,30.5,18.9,Cloud9 White,26.6,41.7,24.9,84.7,41.6
all eyez on me,1.0,210.0,1.1,146.3,25.7,11.7,tropa do mata rindo,73.9,71.9,86.2,59.0,80.9
allow,1.1,230.2,1.1,150.4,19.4,4.3,DAMWON Gaming,89.0,80.3,89.9,16.1,75.0
alone,1.0,235.0,0.9,143.0,35.0,0.0,Girl Kissers,91.3,53.2,81.7,95.2,90.8
alvareZ,0.9,233.0,1.0,136.7,22.7,0.0,Salut e-Sports,90.4,64.2,72.2,35.7,70.3
alvarxz,0.9,206.1,0.8,135.2,26.5,3.1,IlluZion,70.3,41.4,69.7,65.2,65.2
alvin,1.0,233.9,1.1,151.1,24.7,24.8,"1337, Strike X",90.7,71.6,90.5,51.8,85.8
alvz,1.0,186.0,0.9,128.0,20.0,25.0,Kings,49.0,53.2,56.7,18.9,41.6
alyaL,0.8,181.2,0.8,116.1,32.9,0.0,CERBERUS Esports,43.8,34.7,37.7,91.1,50.8
amnesia,0.7,146.0,0.7,93.4,21.5,6.9,CLG Red,14.3,22.4,11.0,28.0,10.6
andre1,0.8,178.7,0.8,119.1,14.4,0.0,tropa da realeza,41.2,31.1,41.7,3.0,21.9
angela,0.9,216.7,0.9,141.3,26.3,0.0,Aspire,80.2,51.2,79.5,63.9,74.9
anony,0.7,139.0,0.6,101.0,17.7,0.0,g0gados,11.3,17.1,17.0,9.2,6.4
ant,1.0,176.6,1.0,116.1,22.8,12.4,doidera,38.8,62.9,37.8,36.4,41.0
antG,1.0,216.8,1.1,138.5,24.1,21.2,Gamelanders Purple,80.4,79.2,74.9,47.2,77.1
apple,0.6,147.7,0.6,92.7,16.7,0.0,Raiju e-sports,15.2,17.4,10.6,6.6,5.5
appzymeister,0.5,156.0,0.5,114.0,29.0,0.0,BRICKEDUP,20.3,6.9,33.9,78.4,29.3
aproto,1.1,204.0,1.3,132.0,41.7,18.9,Ghost Gaming,68.1,92.7,64.1,99.1,91.2
arb,0.3,25.0,0.1,18.0,25.0,0.0,Discord Kitties uwu,0.0,0.0,0.0,54.1,6.2
arctichies,1.1,300.3,1.2,197.0,18.0,0.0,Motos Muito Rápidas,99.7,87.5,99.9,10.5,83.3
ardiis,1.1,231.6,1.2,148.9,21.8,14.1,FunPlus Phoenix,89.7,83.2,88.7,29.7,81.0
ares,0.5,145.7,0.5,98.8,27.8,6.6,GodSpeed Gold,14.0,9.3,15.2,71.8,19.8
arieiv,0.8,176.0,0.8,116.0,36.0,0.0,Made in Roblox,38.0,36.5,37.5,96.4,51.4
arkzy,0.8,155.5,0.7,105.6,24.2,12.1,Team Opulence Gold,19.9,27.4,21.4,48.3,21.9
artHas,1.3,314.3,1.4,195.0,32.7,0.0,Nunca Tentamos,99.8,95.9,99.8,90.4,99.8
artn,1.0,182.0,1.0,105.8,15.5,5.5,Gaimin Gladiators,44.6,60.1,21.7,4.3,26.8
artzin,0.9,219.2,0.9,147.7,22.3,11.1,Stars Horizon,82.2,51.5,87.5,32.9,67.7
aru,0.6,166.0,0.6,110.0,26.0,0.0,SYR,27.7,12.2,27.0,61.7,26.2
aspas,1.2,242.4,1.3,156.6,25.3,14.2,LOUD,94.3,94.2,93.8,56.3,94.6
astroboy,0.8,177.3,0.7,114.0,25.1,0.0,AJF e-Sports,39.8,28.9,33.9,55.2,34.9
auxx,0.4,108.1,0.4,75.7,20.1,0.0,Yasei,3.5,4.3,3.7,19.8,2.6
avery,0.4,96.3,0.4,58.0,21.0,17.7,nerd emoji,1.9,4.5,0.8,24.9,2.7
avora,0.6,162.0,0.6,110.3,25.7,0.0,goth boy clique,24.5,12.8,27.9,59.0,24.4
axeddy,1.1,194.1,1.1,126.7,21.6,30.4,ODDIK,57.5,73.0,54.2,28.6,52.8
ayaNq,0.7,167.7,0.7,107.7,17.0,0.0,Optimistic eSports,29.4,24.2,24.2,7.5,12.6
azez,0.8,150.4,0.7,101.3,19.3,13.7,Mach5,16.9,25.9,17.4,15.5,10.4
azys,1.0,214.1,1.1,139.3,29.4,31.9,South Built Esports,77.7,71.5,75.9,80.4,85.9
b0i,1.0,193.0,1.1,126.3,23.1,15.5,Built By Gamers,56.1,73.8,53.5,39.2,56.1
b0ssy,1.0,225.7,1.1,148.2,29.8,15.7,OMICRON,86.5,78.0,88.2,81.9,93.8
b3ta,1.1,185.9,1.0,120.2,27.3,26.5,Made in Thailand,48.8,60.5,43.4,69.5,56.0
bENITA,0.7,200.0,0.7,137.3,21.8,17.4,CLG Red,64.1,29.2,73.4,29.9,47.0
bLc,1.0,212.3,0.9,139.9,26.3,11.6,Alpha United,76.2,55.4,76.9,63.9,74.0
bNhardneja,1.0,199.2,1.2,128.2,21.4,10.4,BONDE DO TIRINGA,63.2,83.5,57.2,27.2,59.7
bZx,0.9,201.0,1.0,131.0,23.0,0.0,Salut e-Sports,65.7,62.4,62.3,38.2,58.6
babysoap,0.6,145.6,0.5,94.6,25.4,0.0,Team Opulence Black,13.9,11.4,11.5,57.5,14.9
baddyG,1.0,192.7,1.2,127.2,25.0,13.9,FunPlus Phoenix,55.4,83.4,55.6,53.3,65.6
baggio,0.8,145.9,0.6,95.7,14.7,13.0,tropa do mata rindo,14.1,17.9,12.3,3.3,4.9
balua,1.2,279.0,1.3,176.7,20.2,11.5,Ghetto Artist,99.2,90.4,99.1,19.9,86.9
ban,1.1,222.2,1.2,140.9,25.7,15.7,Knights,84.3,86.9,78.6,58.7,86.8
bana,0.6,148.0,0.5,100.0,36.0,0.0,Spectral Esports,15.5,11.0,16.3,96.4,29.2
bang,1.1,206.8,1.1,135.6,36.6,24.4,100 Thieves,70.8,80.4,70.2,96.9,90.0
barbxza,0.9,166.0,0.8,104.0,39.0,13.0,Cyclonados,27.7,39.2,20.0,98.3,43.6
bardek,1.0,169.9,1.1,120.2,33.0,18.3,não temos um plano,31.2,70.8,43.4,91.5,61.5
bazix,0.9,218.1,0.9,139.6,20.7,10.2,GunsForHire,81.6,52.7,76.2,23.2,60.6
bazz,0.9,180.3,0.9,115.0,24.8,12.4,FAV gaming,42.8,44.9,35.3,52.3,40.7
bdog,1.1,221.4,1.2,141.2,23.3,11.1,Shopify Rebellion,83.7,89.7,79.3,40.5,81.7
beam,1.2,237.7,1.1,161.2,32.2,10.9,ExiLe Gaming,92.4,76.2,96.0,89.2,97.0
beanann,0.8,213.5,0.8,144.5,23.0,16.5,Ugly Hamsters,77.3,37.8,83.8,38.2,61.5
bearkun,1.0,217.9,1.2,138.7,20.7,12.3,Lenny Time,81.4,82.9,75.1,22.4,70.0
beezer,0.9,186.2,0.8,129.4,32.8,17.4,Illumina Blue,49.3,42.0,59.4,91.0,63.3
benjii,1.1,205.3,1.1,130.0,20.7,36.0,Green Beans,69.6,79.0,60.3,22.7,59.8
bené7B,0.6,173.7,0.6,113.3,28.7,0.0,HCK CIBORGS,35.3,12.2,32.6,76.6,34.4
bew,1.0,194.7,1.0,125.4,23.6,13.9,Skwirel Warriers,58.1,66.2,52.1,42.4,54.9
bezn1,0.9,192.3,0.9,124.2,24.4,14.8,Ninjas In Pyjamas,55.0,53.5,49.8,49.7,51.2
biazik,1.1,203.5,1.2,133.2,22.1,9.4,Gamelanders Purple,67.7,85.1,66.1,32.1,66.7
bieLzera,0.8,173.8,0.7,117.0,19.2,0.0,Royal PS,35.5,27.4,38.8,15.3,21.9
biel má fase,0.8,191.6,0.8,124.5,21.7,7.2,Os Selvagens,54.3,34.7,50.6,29.4,38.7
bielmonster,1.0,200.0,1.1,130.8,25.2,23.9,SG e-Sports,63.9,69.8,62.0,56.1,66.8
bittencourt,0.8,192.0,0.8,128.0,29.0,0.0,7Krascent,54.8,43.5,56.7,78.4,60.2
bjor,1.1,208.4,1.2,137.2,21.5,20.3,Zero MarksMen Black,72.3,89.0,73.1,27.9,70.2
blaZek1ng,1.0,196.9,1.0,128.5,28.6,13.9,BOOM Esports,60.1,69.1,57.6,76.2,70.4
blackhawk,1.0,180.3,1.0,119.2,29.6,7.3,tryouts,42.8,64.6,42.0,81.1,59.4
bld,1.1,218.9,1.3,143.5,33.3,15.3,Tropinha do TIKTOK 2.0,82.0,94.3,82.3,92.2,96.5
blix,0.8,236.0,0.9,136.0,30.0,0.0,Discord Kitties uwu,91.8,46.8,70.8,82.6,81.3
blu,0.3,101.0,0.3,72.3,23.0,0.0,Burger Gaming,2.5,1.3,3.1,38.2,4.5
blurred,0.9,219.3,0.9,143.0,15.6,5.2,NAOS,82.4,44.2,81.7,4.4,52.6
bm1,1.0,178.3,1.0,125.0,24.0,34.3,Lenny Time,40.8,55.9,51.4,46.3,46.4
borgeS,1.0,204.3,1.2,136.6,29.4,31.0,Maniacos da Mira,68.7,83.9,72.1,80.2,85.8
bp,0.9,177.2,0.9,125.2,29.8,1.9,Veronica7,39.7,47.5,51.6,81.7,55.6
brN,0.7,171.0,0.7,110.0,20.0,0.0,The Last Dance,32.6,24.6,27.0,18.9,17.7
braveaf,1.0,177.8,0.9,119.1,28.0,13.7,FNATIC,40.2,53.6,41.8,72.5,51.2
brawk,1.1,189.7,1.2,133.2,24.1,15.5,Ghost Gaming,52.4,87.0,66.2,47.3,67.2
broke,0.8,199.0,0.8,134.0,21.0,25.0,Q CALOR E ESSE,62.9,34.1,67.4,24.9,45.0
bron,1.0,204.5,1.2,134.4,15.8,11.3,BASED,68.8,81.6,68.0,4.9,56.4
bruninej,1.3,261.5,1.6,166.7,23.0,27.5,Só Deus Sabe,97.9,98.7,97.8,37.3,93.2
brxssan,0.9,173.7,0.8,101.7,17.3,0.0,NEW ERA,35.3,38.8,17.5,8.3,16.9
bstrdd,1.1,243.2,1.2,155.0,30.7,4.2,Team Liquid Brazil,94.5,88.0,93.0,85.4,97.9
bubbaTEA,1.2,219.0,1.8,143.2,18.9,12.9,Academy Gaming,82.1,99.5,82.0,13.3,75.7
bungee,0.8,205.2,0.8,132.8,32.2,15.2,Misfits Black,69.5,43.2,65.1,89.3,72.1
bunnybee,0.6,211.6,0.7,128.3,43.9,18.3,dart monkeys,75.4,30.0,57.4,99.5,70.1
bxman007,0.8,196.8,0.8,126.5,30.8,0.0,Ugly Hamsters,59.9,31.8,53.9,85.6,59.7
byTheFire,1.1,185.8,1.7,123.6,31.9,25.9,hashiras,48.6,99.3,48.9,88.5,78.4
bzr,0.6,160.3,0.6,108.1,35.1,13.4,MEW2,23.4,13.9,24.7,95.6,34.8
c0g,0.8,180.0,0.7,120.0,24.0,17.0,VIM TIRAR ORG GRANDE,42.3,25.0,42.9,46.3,34.4
c4Lypso,1.1,214.1,1.3,138.1,33.8,13.7,Clanless,77.8,93.2,74.4,93.1,94.5
cNed,1.1,239.5,1.2,155.7,29.5,5.5,Acend,93.2,87.1,93.2,80.5,97.0
caders,0.9,176.3,0.9,119.7,33.1,15.5,Cosmic Divide,38.6,54.2,42.4,91.8,57.9
cailuu né vida,0.6,147.0,0.5,93.3,18.7,0.0,E ISSO MEMO,15.0,11.5,11.0,12.6,5.6
caiobazinn,0.9,211.3,0.8,155.1,32.7,9.2,calor,75.1,42.4,93.1,90.8,84.7
cap,1.0,212.3,1.3,140.5,29.4,14.9,Nightblood Gaming,76.1,91.4,77.8,80.1,91.7
carlos,1.0,194.2,1.3,126.5,25.8,7.2,Gorilla Gang,57.6,95.0,53.9,60.2,71.9
carn0,0.8,166.1,0.8,111.9,26.4,20.3,EDO TENSEI,27.9,30.5,30.6,64.9,33.8
carnz,1.0,216.0,1.0,139.7,14.0,18.0,BOD Esports,79.4,63.7,76.4,2.3,55.9
cauanzin,1.0,206.0,1.0,133.1,22.1,15.7,Ninjas In Pyjamas,70.3,67.7,66.0,32.3,61.3
ceeJay,0.8,177.1,0.8,115.4,20.5,16.2,GONJO,39.6,36.1,36.4,21.9,27.9
celestial,1.2,240.1,1.3,154.0,25.8,5.9,4 ruim e 1 ruim,93.6,92.6,92.6,60.1,94.6
ch1e,0.7,152.0,0.7,96.6,15.4,4.6,EterNal,17.7,22.4,13.2,4.3,6.9
chanse,1.0,206.7,1.0,134.6,20.1,20.4,Kowareta,70.7,66.5,68.3,19.7,57.3
chanyeong,0.8,175.0,0.8,114.0,22.3,0.0,Lone Way E-SPORTS,36.8,31.6,33.9,33.6,28.4
chase,0.8,181.3,0.8,121.3,27.2,15.0,Gamelanders Blue,43.8,41.5,45.2,68.9,48.0
cheatcode,1.1,207.8,1.2,137.8,29.4,33.2,YFP Gaming,71.9,82.7,74.0,80.3,87.0
chili,0.8,183.0,0.9,117.0,26.0,20.0,g0gados,46.0,53.2,38.8,61.7,48.2
chloe,0.2,64.0,0.2,40.0,23.0,0.0,24Haven,0.2,0.6,0.1,38.2,3.6
chloric,1.0,191.8,1.1,127.4,20.5,5.6,Eclectiq,54.4,72.1,55.8,22.0,49.7
chocomint,0.9,231.1,1.0,143.0,32.6,10.2,Berzerkers,89.5,66.0,81.7,90.1,92.2
chqse,0.5,133.1,0.5,87.9,20.5,7.5,BaddiesOnVal,9.1,10.8,7.9,21.8,5.5
churro,0.9,179.5,0.9,125.5,25.8,25.1,IlluZion,41.7,44.8,52.2,60.1,47.7
ciao,0.7,198.3,0.7,121.0,32.3,0.0,Misfits Black,62.1,22.0,44.5,89.6,54.7
cim,0.6,136.9,0.5,97.1,30.3,11.2,Eros,10.1,7.8,13.7,84.0,21.3
cjb,1.0,148.0,0.9,100.0,32.0,22.0,afterMath Esports,15.5,51.8,16.3,88.7,39.6
clawdia,0.6,138.1,0.7,90.6,30.1,9.3,CLG Red,11.1,20.5,9.2,83.4,24.4
clover,0.7,155.0,0.7,103.7,28.5,14.8,Maruti Peek,19.6,27.7,19.6,76.0,30.4
coco,0.8,195.8,0.8,124.5,30.8,4.6,Oasis Gaming,59.0,35.2,50.5,85.7,59.3
coldy,1.0,187.3,1.0,124.9,23.4,29.9,Team Flux,50.1,64.4,51.1,41.6,50.6
conch,0.8,201.0,0.8,131.0,32.0,15.7,Mizzou Esports,65.7,43.1,62.3,88.7,69.3
connie,0.3,98.0,0.3,62.0,56.0,0.0,1Rule,2.2,2.4,1.4,99.9,18.6
contii,1.1,214.1,1.1,140.7,23.9,18.6,Resonate,77.7,75.1,78.1,44.9,75.3
controverse,1.3,203.0,1.4,135.0,24.0,18.0,Arca do Plato,67.2,95.2,69.0,46.3,76.0
corey,1.1,231.9,1.4,153.5,29.7,18.4,TSM,89.9,95.6,92.2,81.4,97.7
cortezia,0.8,183.0,0.8,120.0,30.0,0.0,Team Brave Soldiers,46.0,34.1,42.9,82.6,50.2
crakd,1.1,237.7,1.2,154.0,35.1,24.4,Lycus Empire,92.4,89.2,92.6,95.5,98.7
crashies,1.0,189.2,1.1,124.7,25.2,20.2,OpTic Gaming,51.7,71.3,50.8,55.8,59.1
crow,0.9,159.0,0.8,107.4,23.7,8.8,ZETA DIVISION,22.0,42.9,23.9,43.5,27.2
cryptX,0.9,158.7,0.9,116.8,24.6,7.2,Rated Gaming,21.9,45.6,38.5,51.0,34.6
curry,1.1,214.4,1.3,139.7,26.4,20.9,Cloud9,78.0,93.1,76.5,64.5,87.9
cuse,0.9,196.9,0.8,129.4,27.7,4.7,Yasei,60.1,40.4,59.6,71.7,59.9
cutedog,0.9,169.8,1.0,114.2,17.9,17.9,HypeHorizen,31.0,66.5,34.2,9.9,29.9
cuz,0.8,166.4,0.8,109.5,23.9,15.6,Northern Forces,28.1,32.1,26.5,44.9,27.1
cwaudia,0.5,160.0,0.5,111.0,18.4,15.8,Roulette,23.0,11.0,29.0,11.5,10.2
d0jji,0.8,175.3,0.8,113.6,26.6,3.7,Primary Gaming,37.3,32.5,33.1,65.6,38.4
d0rf,0.8,172.0,0.8,110.2,23.8,10.9,Team Big BAAM,33.7,40.9,27.4,43.9,31.6
d3ffo,0.9,191.2,0.9,127.4,20.2,8.6,M3 Champions,53.9,53.0,55.7,20.2,43.0
d4v41,1.1,191.3,1.1,125.7,26.0,11.0,Paper Rex,54.1,74.3,52.6,61.0,63.4
dKim,0.7,162.0,0.6,98.0,31.4,9.2,Phoenix2,24.5,16.4,14.5,87.4,30.3
daiki,1.1,194.5,1.2,128.0,27.3,18.2,Team Liquid Brazil,57.9,84.8,56.7,69.9,72.9
daine,0.8,153.0,0.8,98.3,24.7,9.3,Lucky Cat Gaming,18.4,34.4,14.9,51.5,22.5
dallah,0.8,150.7,0.6,101.9,21.9,19.5,GONJO,17.0,16.6,17.8,30.7,11.9
dapr,1.0,189.2,1.0,122.8,19.2,18.1,Sentinels,51.7,62.8,47.3,15.2,41.3
darrin,0.7,184.0,0.6,124.3,18.7,50.0,Tempest Gaming,46.7,19.0,50.2,12.6,26.0
dash,0.7,145.4,0.6,108.2,25.6,6.6,Illumina Blue,13.9,12.9,24.8,58.5,19.6
dashDevv,0.7,204.0,0.8,130.2,28.8,0.0,Phoenix2,68.2,31.4,60.7,77.4,61.8
dawn,0.9,182.2,1.0,124.0,27.4,2.5,Reformed,45.0,63.2,49.6,70.2,58.3
dazzLe,1.0,182.4,0.9,123.5,18.9,15.6,Shopify Rebellion,45.4,48.2,48.7,13.4,34.2
ddz,0.9,190.4,0.9,128.1,23.7,5.3,BOD Esports,53.3,53.7,57.1,43.6,51.1
deLb,1.0,230.2,1.1,153.3,24.6,16.3,Alter Ego,89.1,69.7,92.1,51.1,84.9
deNaro,1.1,197.2,1.1,126.7,27.5,20.6,MIBR,60.4,80.7,54.5,70.5,71.7
defo,0.7,170.7,0.7,112.0,28.4,0.0,SYR,32.1,20.7,30.8,75.7,35.5
defry,0.6,170.0,0.6,113.0,20.0,0.0,Furnace e-sports,31.5,16.6,32.0,18.9,16.6
deigara,0.8,156.3,0.7,102.7,33.8,17.2,9z Team,20.5,29.4,18.6,93.1,36.1
delevingne,0.9,184.2,0.8,116.7,23.2,0.0,Stars Horizon,46.9,42.7,38.5,40.0,38.3
dellzor,0.3,86.0,0.2,61.0,46.0,,Discord Kitties uwu,0.9,0.4,1.2,99.7,17.4
delz1k,0.9,169.5,0.9,111.3,24.4,15.9,KRÜ Esports,30.8,49.0,29.5,50.0,35.5
dem0n,1.1,180.6,1.1,120.8,27.3,8.8,Salt Esports,43.4,73.8,44.3,69.6,59.6
demon,1.0,222.6,1.1,142.0,26.2,30.6,Aspyre,84.5,69.5,80.2,63.2,83.2
deneb,1.2,259.0,1.3,169.3,26.0,0.0,Lancheira do Tomás,97.4,90.2,98.2,61.7,95.8
dennyS,0.7,178.0,0.6,115.0,24.0,0.0,nA Whiff Masters,40.5,15.8,35.6,46.3,28.8
dephh,1.0,183.8,1.0,121.6,27.2,9.0,XSET,46.6,59.3,45.5,68.8,55.4
depppx,0.7,144.3,0.6,85.0,16.3,33.3,Team Brave Soldiers,13.6,17.7,6.4,6.0,4.3
desire,0.8,166.9,0.7,113.2,20.0,21.2,Alpha United,28.6,28.3,32.3,18.9,19.1
dest,0.6,175.0,0.7,109.0,41.3,0.0,1Rule,36.8,20.9,25.9,99.0,42.9
devil aim,1.0,239.0,1.0,148.3,29.3,15.7,Kings,93.0,63.3,88.3,79.8,91.3
dgzin,1.0,229.0,1.2,144.0,28.9,18.8,FURIA,88.4,84.3,83.0,77.9,93.6
diaamond,0.7,180.8,0.8,118.2,30.4,3.3,Nation Gaming,43.5,38.7,40.5,84.5,50.7
dicey,1.2,240.7,1.5,158.8,32.2,9.3,FaZe Clan,93.6,97.7,95.2,89.1,99.3
diggity,0.9,164.0,0.8,119.0,30.0,38.0,Team TriVec,26.3,31.8,41.5,82.6,42.8
dimasick,1.0,174.3,1.0,114.5,33.9,13.7,Team Liquid,36.0,60.0,34.6,93.2,56.7
din,0.7,206.0,0.8,145.0,21.0,0.0,g0gados,70.1,39.2,84.4,24.9,54.9
dinkzj,0.9,162.2,0.8,111.8,21.0,20.0,Natus Vincere,24.7,37.5,30.4,25.6,22.2
dino,0.6,132.9,0.7,84.7,22.4,4.6,Aspyre,9.0,23.5,6.2,34.5,9.9
dior,1.0,194.2,1.0,124.8,22.9,30.1,BASED,57.5,68.8,51.0,37.2,53.1
dip,1.0,209.0,1.1,135.7,20.1,7.5,Lenny Time,73.0,70.0,70.3,19.8,60.2
discovery,0.8,163.1,0.8,109.1,23.9,11.3,n0gravity,25.6,34.6,26.1,44.7,26.9
disk0,1.0,198.1,1.1,129.3,24.6,13.2,ORDER,62.0,77.3,59.2,50.8,66.1
dispenser,0.8,148.6,0.8,98.1,20.1,23.8,Team Secret,15.8,31.9,14.7,19.5,11.8
dizzy,0.9,178.0,0.9,115.0,27.0,0.0,AE Ravenous,40.5,44.5,35.6,67.8,44.6
dizzyLife,1.2,215.6,1.3,140.7,17.5,20.5,Soniqs,78.9,93.5,78.2,8.7,69.2
doc,0.8,170.8,0.8,114.4,24.0,14.1,Rose,32.2,32.4,34.5,46.3,31.4
doce,0.7,169.7,0.6,115.3,19.0,44.3,experientGG,30.9,14.2,36.2,14.1,15.3
dods,1.0,220.7,1.1,142.3,24.1,20.8,Agropesca Jacare,83.3,77.7,80.7,47.8,80.0
dorituxZ,1.0,203.7,1.0,136.6,16.5,14.3,Astro Esports,67.9,58.7,72.2,6.3,49.9
doty,0.9,174.8,0.9,111.5,33.6,6.4,calor,36.5,47.9,29.8,92.7,50.5
drago,0.9,178.1,0.8,120.3,21.9,17.1,Stars Horizon,40.6,42.2,43.6,30.6,34.5
dre,1.1,204.3,1.1,136.3,34.6,18.0,TradeLikePros,68.6,77.6,71.5,94.6,88.1
driize,0.8,159.7,0.8,107.7,39.7,11.0,doidera,22.6,31.2,24.2,98.5,41.2
drn,0.9,167.5,0.9,106.5,12.9,3.6,Team Liquid Brazil,29.2,43.6,22.6,1.3,15.6
dslash,0.6,165.7,0.6,103.4,34.6,0.0,Nana's Biscuits,27.5,18.9,19.4,94.4,35.9
dt god,0.4,97.6,0.3,68.7,24.9,0.0,604,2.0,2.1,2.4,52.8,7.4
duck,1.0,193.6,1.1,128.8,28.8,19.8,Girl Kissers,56.8,78.9,58.4,77.2,73.6
duckk,0.5,142.4,0.5,100.0,7.8,6.6,5 of a Kind,12.8,7.4,16.3,0.2,3.1
duhT,1.1,260.5,1.3,165.3,20.7,10.7,doidera,97.7,90.5,97.3,22.7,86.8
duracel,0.9,184.8,0.9,119.6,32.8,0.0,4 ruim e 1 ruim,47.6,52.4,42.4,91.0,60.3
duum,1.1,218.6,1.1,140.1,20.7,14.6,Arca do Plato,81.8,78.2,77.4,23.2,69.6
dvM,0.9,193.0,0.9,118.2,35.2,15.2,Made in Roblox,56.0,47.7,40.5,95.7,62.4
dwan,0.4,92.0,0.3,62.7,25.3,19.3,Omni Performance SD,1.5,1.9,1.5,57.0,7.9
dynamic,1.1,230.2,1.3,145.5,20.4,18.7,T1,89.0,94.1,85.1,21.6,80.1
dzii,0.7,184.5,0.8,121.5,20.6,0.0,Gaimin Gladiators,47.2,30.8,45.4,22.3,31.5
eKo,0.9,195.2,0.9,126.9,23.3,12.2,Incheon On Sla2ers,58.7,44.8,54.8,40.7,47.8
eVoL,1.2,207.8,1.2,142.2,37.0,10.8,Third Impact,71.8,89.4,80.6,97.2,94.8
eZe,0.5,130.0,0.5,76.0,26.0,0.0,Omni Performance SD,8.0,8.5,3.8,61.7,11.9
ec1s,0.8,145.7,0.6,100.4,21.6,0.0,100 Thieves,14.1,17.9,16.7,28.4,10.8
edan,0.4,104.0,0.3,75.0,21.0,0.0,onliners,2.9,1.3,3.6,24.9,2.8
edgy,0.7,182.3,0.7,110.3,22.7,20.3,MEW2,45.1,22.2,27.5,36.2,26.9
eeiu,1.1,209.4,1.2,140.8,27.6,17.5,NRG Esports,73.3,88.9,78.5,71.0,87.7
effys,1.1,188.8,1.2,123.4,21.8,15.9,Version1,51.4,87.9,48.5,30.2,54.7
egggs831,0.7,156.4,0.8,105.6,35.6,15.9,Hyperspace Dark,20.5,38.0,21.4,95.9,40.9
el diabloblo,0.8,176.7,0.8,112.0,27.7,41.7,Made in Roblox,38.9,33.3,30.8,71.5,40.4
empty,0.9,150.8,0.8,103.4,23.9,5.6,Next eSports,17.0,37.2,19.5,44.9,22.3
enaye,0.9,178.6,0.9,118.6,25.8,0.0,AVESTA,41.0,49.7,41.0,59.7,45.6
endure,0.9,215.9,0.9,131.3,28.7,0.0,Thanos Mug Academy,79.3,51.9,62.7,77.0,73.5
enzao,0.9,198.2,1.0,130.8,21.4,15.8,calor,62.0,68.4,62.0,27.4,55.3
epathy,1.0,208.1,1.2,133.3,26.1,19.6,SoaR,72.1,87.5,66.5,62.6,79.6
eqnx,0.6,159.1,0.6,109.4,32.0,12.0,Spectral Purple,22.3,13.7,26.4,88.7,33.1
ericzn,1.0,175.0,0.8,128.0,33.0,13.0,os reis do fluxo,36.8,30.3,56.7,91.5,53.6
eskay,0.3,95.9,0.3,67.1,24.2,0.0,dart monkeys,1.9,1.5,2.2,48.3,6.1
eternal,1.1,191.2,1.3,126.6,17.4,15.2,Só Deus Sabe,54.0,94.4,54.0,8.5,52.1
ethos,1.0,196.1,1.1,126.1,16.9,24.6,Skwirel Warriers,59.3,77.9,53.2,6.9,47.3
euph,0.7,136.0,0.6,92.0,32.9,0.0,Vireo.pro,9.9,18.8,10.2,91.1,26.4
euroh,0.7,143.8,0.6,97.5,24.5,0.0,Godset,13.2,18.3,14.1,50.4,15.4
evaD,1.0,177.7,1.0,118.7,23.0,14.6,Run it Down,40.1,68.0,41.1,39.0,44.6
exy,1.1,204.6,1.2,133.2,35.9,12.3,DAMWON Gaming,68.9,86.8,66.3,96.2,89.9
exymin,0.9,199.8,0.9,127.1,17.2,31.8,GRN Gaming,63.7,54.1,55.5,8.1,42.4
ezos,0.7,174.7,0.7,115.4,16.6,0.0,Neebs and Weebs,36.2,20.5,36.5,6.4,16.8
ezzy,0.9,171.4,0.8,117.1,23.6,12.8,tryouts,33.3,41.9,39.1,42.1,34.3
f0rsakeN,1.1,257.6,1.3,163.4,28.9,21.0,Paper Rex,97.2,93.5,96.7,77.7,98.2
f0rsaken,1.1,190.0,0.9,133.0,24.7,4.0,VIM TIRAR ORG GRANDE,52.8,54.0,65.6,51.5,56.8
f1cio,1.0,208.8,1.0,129.2,23.8,8.2,Fancy United Esports,72.6,57.6,59.1,44.6,60.7
faintz,0.9,171.1,1.0,114.0,19.8,9.5,tier2sussinha,32.9,57.1,33.9,18.1,30.1
fairy,0.6,180.3,0.6,125.7,26.3,14.0,MEW2,43.0,12.8,52.5,63.9,39.6
fak,0.8,165.7,0.8,97.0,24.7,27.7,Q CALOR E ESSE,27.4,43.1,13.5,51.5,28.3
fallacyzx,1.0,189.3,1.1,124.5,36.2,18.2,MLT Esports,51.9,76.6,50.5,96.6,75.2
fanboyzada,0.7,153.7,0.7,99.3,28.0,48.7,North Stars,18.8,25.5,15.6,73.0,27.4
fancy9,0.9,170.8,1.0,112.9,23.6,10.4,Exceeli Esports,32.3,59.5,31.8,42.5,37.7
fartboy,1.1,236.0,1.1,155.0,26.7,15.3,Tempest Gaming,91.8,71.5,93.0,65.9,91.0
fate,0.8,194.2,0.8,126.3,22.0,11.1,Team Blank,57.6,36.9,53.4,31.4,42.0
febreezeonmyteez,0.4,109.9,0.4,74.4,15.3,4.1,Jit Lickers,3.8,4.3,3.5,3.8,1.1
felipedm,1.0,206.0,1.0,138.3,27.0,11.0,QLQR 1,70.1,63.7,74.7,67.8,75.4
feliz,0.7,164.3,0.7,121.0,27.7,50.0,UNB Green Owls,26.7,21.2,44.5,71.5,37.0
felp,0.8,182.8,0.8,120.3,21.1,0.0,Looking for Contract,45.8,31.4,43.5,26.0,31.8
feqew,0.9,207.1,0.9,136.0,22.5,10.2,OG LDN UTD,71.2,51.6,70.8,34.7,58.5
fishyy,0.5,149.0,0.5,96.0,24.0,0.0,Elon Homies,15.9,11.0,12.7,46.3,12.8
fiveK,1.2,230.8,1.3,151.7,25.9,18.8,F4Q,89.4,91.8,91.0,60.9,93.5
fiziq,1.0,193.6,1.1,129.7,26.4,17.6,SoaR,56.7,72.2,60.0,64.6,67.5
fl1pzjder,1.0,211.5,1.1,139.5,29.2,22.9,BOOM Esports,75.3,76.6,76.1,79.4,86.5
flainzz,1.0,185.5,1.0,123.1,26.8,16.3,Stars Horizon,48.4,56.1,47.9,66.5,55.0
flaming,0.4,128.6,0.4,83.2,21.8,0.0,REGEN,7.5,4.7,5.7,29.9,4.9
fletcher,1.1,210.9,1.3,138.5,32.5,23.0,Resonate,74.8,94.8,74.9,89.9,93.8
flippy,1.0,194.2,1.0,125.2,27.7,6.2,South Built Esports,57.7,63.5,51.8,71.7,64.5
flood,0.5,132.0,0.5,90.3,19.3,0.0,GodSpeed Gold,8.7,6.4,9.0,15.7,3.9
flow,0.8,192.9,0.9,124.4,22.2,0.0,Yasei,55.8,49.8,50.3,32.6,44.7
flowerful,0.9,198.2,1.0,134.3,30.5,10.8,Shopify Rebellion GC,62.0,60.0,67.8,84.7,74.8
flyuh,1.0,180.5,1.0,120.3,26.4,9.7,FaZe Clan,43.3,60.7,43.4,64.4,52.2
foolingwOw,1.1,213.7,1.1,145.7,27.0,11.0,TEAM BGS,77.4,74.8,85.4,67.8,85.9
forkeN,0.7,160.0,0.7,95.0,30.0,0.0,ChillinWithFriends,23.0,25.8,11.8,82.6,30.5
foxz,0.9,197.6,1.0,130.7,23.6,12.5,XERXIA Esports,60.8,64.4,61.6,42.6,59.0
foxzAo,1.3,262.4,1.3,168.0,24.1,19.1,tier2sussinha,98.0,95.1,98.0,47.8,94.7
fpX,1.2,225.0,1.4,150.2,31.5,18.0,leptospirose,86.1,97.2,89.6,87.5,97.8
fra,1.0,174.1,1.1,111.3,23.0,23.8,ODDIK,35.8,78.0,29.5,38.2,42.5
fraggleton,0.9,155.2,0.9,100.5,20.9,28.9,Nation Gaming,19.7,46.4,16.7,23.9,18.8
frajola,1.1,251.9,1.2,157.3,15.3,20.2,Agropesca Jacare,96.2,84.6,94.3,3.8,76.4
frostic,0.8,188.3,0.8,126.7,29.7,0.0,Galaxy Esports,50.9,39.8,54.2,81.3,57.5
frostmind,0.9,170.1,1.0,111.1,32.3,20.8,BOOM Esports,31.8,61.6,29.3,89.6,52.5
frz,1.1,212.8,1.2,141.0,26.9,14.7,MIBR,76.6,88.5,79.0,67.1,87.5
furbsa,1.1,241.1,1.1,161.4,31.7,24.3,Moonrise,93.8,75.3,96.1,87.9,96.9
furq,1.1,259.6,1.3,166.5,29.9,16.5,VIM TIRAR ORG GRANDE,97.5,91.0,97.7,82.0,98.6
furyzi,1.1,231.8,1.2,150.1,22.8,16.1,BONDE DO TIRINGA,89.8,84.4,89.6,36.6,84.4
fuzari,0.8,173.0,0.9,107.1,24.5,8.8,Gamelanders Blue,34.6,50.0,23.5,50.6,35.2
fuzzyy,0.5,138.0,0.5,89.7,22.3,0.0,Weenie Hut Jr,10.8,7.2,8.8,33.6,7.7
fvs,0.7,152.3,0.6,98.3,17.7,0.0,Expect Nothing,18.0,15.8,14.9,9.2,7.0
fx,0.8,161.9,0.8,105.9,29.2,18.8,Arca do Plato,24.3,41.4,21.9,79.2,37.9
fxlipz,0.5,139.7,0.5,100.7,28.3,27.7,NDT,11.6,8.3,16.8,74.9,20.4
fz,0.6,142.0,0.5,91.4,16.6,10.2,Supremacyy,12.6,11.3,9.6,6.4,4.0
fzkk,1.1,219.4,1.2,137.8,20.8,25.8,Tropinha do TIKTOK 2.0,82.6,83.6,74.0,23.5,70.7
fznnn,1.1,199.5,1.1,131.8,23.4,21.6,Tropinha do TIKTOK 2.0,63.4,79.2,63.7,41.4,65.5
gMd,1.1,188.9,1.2,127.0,30.6,15.7,TSM,51.4,85.4,54.8,85.0,75.7
gTTO,1.0,184.6,1.0,122.9,23.0,13.4,tropa da realeza,47.4,64.2,47.4,38.2,47.2
gaabxx,1.0,228.1,1.0,141.7,23.7,0.0,Sharks Esports,88.1,67.2,80.0,43.5,76.3
gaabzerA,0.9,157.2,0.9,105.8,24.4,0.0,Virtual Anarchy,21.0,50.0,21.7,49.8,30.2
gak,0.9,190.0,1.0,121.2,27.5,17.8,SG e-Sports,52.8,57.4,44.9,70.7,57.5
garrett,1.2,265.6,1.4,165.9,30.0,0.0,Vexo Esports,98.3,96.8,97.5,82.6,99.3
gb,0.9,172.0,0.8,99.3,15.3,25.0,Motos Muito Rápidas,33.7,40.8,15.6,4.0,14.8
gbz,1.0,200.2,1.0,127.1,21.7,7.3,REiGN,64.6,61.6,55.3,29.1,51.9
geb,0.6,179.7,0.7,115.0,33.7,0.0,S4-GE,41.9,20.2,35.6,92.9,45.4
geeza,1.1,206.3,1.2,139.1,31.2,20.5,Bait Academy,70.4,84.4,75.6,86.9,89.6
georgie,1.2,213.2,1.4,134.0,21.6,8.7,IlluZion,76.9,96.9,67.4,28.8,73.1
ghostkeepe,0.3,82.0,0.3,54.0,28.7,0.0,SSA,0.8,1.6,0.5,76.6,11.3
giovafps,0.8,165.7,0.8,104.0,28.0,27.7,Não tem Jeito,27.4,35.8,20.0,73.0,34.2
glovee,0.7,145.4,0.7,97.0,24.2,6.2,Papara SuperMassive,13.8,28.5,13.5,48.5,18.2
glxy,0.6,156.4,0.6,108.3,27.6,14.7,Agoge Gaming,20.6,13.7,25.0,71.0,26.7
gob b,0.9,166.8,0.9,112.8,25.4,21.7,BIG,28.6,43.8,31.7,57.3,36.0
gobera,1.0,244.0,1.0,157.0,22.0,20.0,Supremacyy,94.9,55.5,94.2,31.4,75.3
godko,0.9,169.7,0.9,116.1,23.2,10.2,Desperado,30.9,50.5,37.7,40.1,35.4
godvexy,1.1,194.2,1.1,132.0,23.0,29.6,tryouts,57.7,70.5,64.0,38.2,59.2
gongjaeyoung,0.9,196.0,0.9,121.3,20.7,4.3,We Need Sponsor,59.2,49.3,45.1,22.7,41.1
gontWW,0.8,125.4,0.7,87.0,22.4,0.0,Virtual Anarchy,6.4,20.5,7.4,34.5,8.9
gordao soca fofo,0.8,150.9,0.8,102.3,19.3,20.6,tropa do mata rindo,17.1,38.5,18.3,15.7,13.7
gosha,0.9,210.9,1.0,136.1,24.6,5.1,select few,74.8,56.5,71.2,51.0,67.4
gothchild,1.2,272.0,1.4,174.0,25.0,0.0,Team Arrow,98.8,96.0,98.9,54.1,95.9
griffin,0.7,157.0,0.7,97.3,12.0,9.0,Team Blank,20.8,21.6,14.0,0.9,6.8
grimoire,0.6,143.6,0.5,91.4,35.4,8.2,dart monkeys,13.1,11.8,9.6,95.8,26.6
gtn,1.0,197.8,1.0,129.1,27.0,18.2,MIBR,61.2,67.4,59.0,67.4,67.9
gucc107,1.0,181.6,1.1,118.7,21.0,21.2,Akrew,44.1,72.3,41.2,25.6,43.1
guccy,0.6,140.8,0.6,93.2,22.2,0.0,ONI,12.1,13.8,10.9,32.8,9.0
guedeszz,1.0,247.7,1.2,156.3,18.3,0.0,Royal PS,95.7,81.9,93.7,11.3,77.4
guiih9,0.9,189.9,0.8,128.6,41.0,9.3,Supremacyy,52.5,38.2,57.8,98.9,65.4
gustt1nha,1.1,202.9,1.1,138.2,25.0,19.7,Los Grandes,67.1,78.8,74.6,53.3,74.3
guuih,1.1,203.4,1.2,137.7,22.7,27.2,Rise Gaming,67.6,88.7,73.7,36.0,71.6
h1perZ,0.9,182.0,1.0,113.3,27.0,10.3,NEW ERA,44.6,57.7,32.6,67.8,49.2
h4byn,0.6,132.2,0.5,89.8,16.0,12.0,Patriots,8.9,9.5,8.9,5.2,2.8
hadaL,1.1,244.0,1.0,150.0,36.0,0.0,GotyPeeks,94.9,58.1,89.5,96.4,94.6
hannabacon,0.7,160.2,0.7,105.9,17.0,9.1,Stars Horizon Venus,23.3,21.8,21.8,7.5,10.1
hannah,0.9,197.1,0.9,139.9,22.3,24.4,Gen.G Black,60.3,46.9,76.8,33.0,54.2
happyX,0.8,175.0,0.8,110.3,28.7,0.0,UNB Green Owls,36.8,32.1,27.9,76.6,40.0
hard,1.1,251.2,1.1,160.5,22.6,0.0,GyuBeueumJang,96.0,76.7,95.8,35.4,85.3
harmachim,0.9,158.0,0.7,104.1,35.2,12.6,Lancheira do Tomás,21.5,28.0,20.1,95.7,37.6
haunt,0.4,126.0,0.4,90.6,18.1,10.7,Eros,6.6,4.7,9.1,10.9,2.6
havoc,1.1,240.7,1.2,158.6,30.4,0.0,Renegados,93.7,84.0,95.1,84.5,97.5
hazed,0.9,172.0,0.9,115.8,27.6,17.8,NRG Esports,33.5,54.8,37.2,71.3,47.1
hazy1738,1.2,256.0,1.6,151.8,20.8,29.9,BLC,97.0,99.0,91.0,23.6,87.4
hbk,0.5,138.3,0.4,89.0,37.3,0.0,Pacific Gaming,11.1,6.0,8.5,97.4,23.9
heat,1.1,230.1,1.2,151.4,34.6,17.1,Keyd Stars,88.9,88.3,90.7,94.3,98.0
hellff,1.1,206.9,1.3,132.5,26.8,26.7,Velocity Gaming,70.9,93.7,64.8,66.6,82.5
heltisen,0.8,212.2,0.9,139.4,21.1,17.1,Raiju,76.0,51.3,76.0,25.8,58.9
hesh,0.8,153.4,0.7,107.3,22.1,9.3,Clicken Chickens,18.6,22.9,23.8,32.3,16.0
hexWEDGEMAN,0.8,141.0,0.6,92.0,20.3,0.0,Tunker,12.2,15.3,10.2,20.9,7.2
high,1.0,217.7,1.1,139.5,26.8,11.3,RD E-SPORTS,81.2,78.3,76.1,66.8,85.0
hoody,1.1,215.5,1.1,139.8,27.6,14.6,G2 Esports,78.8,71.7,76.6,71.1,83.7
hoot,0.5,100.3,0.4,66.0,26.0,0.0,Scooby Gang,2.4,3.2,1.9,61.7,9.0
hpz,0.7,203.7,0.7,135.3,16.0,27.7,experientGG,67.8,28.5,69.8,5.2,39.3
hugofar,1.1,222.0,1.2,140.0,18.7,17.7,n0gravity,84.1,81.9,77.2,12.6,68.2
hulio2ru,1.0,156.9,0.9,99.6,26.4,16.7,Alter Ego,20.7,54.3,15.8,64.4,34.0
hummersziN,0.8,148.2,0.7,95.9,30.5,6.1,AJF e-Sports,15.7,26.5,12.5,84.8,29.2
hydro,0.6,162.3,0.6,106.3,14.0,0.0,Team Wizard,24.9,16.2,22.4,2.3,8.5
hyjinx,0.9,193.6,1.0,127.0,24.8,15.0,Moon Raccoons,56.6,57.1,55.0,52.4,55.7
hyouka,0.8,151.6,0.7,100.8,22.8,0.0,REIGNITE,17.4,24.6,16.8,36.3,15.2
hypathor,0.8,153.3,0.7,105.0,21.3,14.0,Oblivion Force,18.6,28.0,21.0,26.9,14.9
hype,1.0,166.2,0.9,110.0,27.1,9.1,OG LDN UTD,28.0,53.5,27.0,68.6,41.3
hyun,0.9,179.9,0.8,116.7,23.9,0.0,Zero MarksMen Silver,42.1,40.6,38.5,45.0,37.8
hyunseo,0.6,143.0,0.5,96.7,31.3,17.0,MEW2,13.0,10.8,13.3,87.2,24.6
hzINSANE,0.8,167.7,0.8,108.0,19.7,50.0,Team Arrow,29.4,33.2,24.6,17.1,18.1
iKoniK,1.0,217.4,1.0,144.5,18.4,17.9,PUGSTARS,80.7,67.7,83.8,11.7,64.3
iNTRO,1.0,189.7,1.1,126.7,32.2,14.3,REJECT,52.3,69.8,54.5,89.3,71.5
iRdy,1.1,191.0,1.1,123.5,27.5,16.1,World Game Star,53.8,76.9,48.7,70.9,66.4
iRoNy,0.8,163.5,0.8,112.0,29.8,4.7,FIRST PIECE,25.7,37.1,30.8,81.6,40.6
iS0,0.8,180.0,0.8,117.0,43.0,0.0,Spectral Esports,42.3,32.8,38.8,99.4,52.8
iSpeeed,1.0,221.0,0.9,146.7,16.7,0.0,nA Whiff Masters,83.4,48.1,86.5,6.6,57.1
iaguin,0.3,68.0,0.2,42.0,13.0,0.0,HCK CIBORGS,0.3,0.9,0.2,1.5,0.2
icy,1.0,198.6,1.0,133.9,24.6,17.6,Cosmic Divide,62.3,63.9,67.2,51.2,64.5
ind1n,0.9,195.2,0.9,128.1,24.0,30.5,BONDE DO TIRINGA,58.6,45.0,57.1,46.3,50.5
infiltrator,1.0,234.1,1.1,150.4,28.9,17.1,Flex Gaming,90.9,71.4,89.9,77.8,92.9
ingg,0.8,203.7,0.8,138.0,27.7,5.7,MEETWO,67.8,31.2,74.2,71.5,64.6
ino,0.5,123.0,0.5,91.6,33.2,0.0,Never Surrender,5.9,11.9,9.7,92.0,22.9
inpeace,0.9,206.0,1.0,135.0,24.0,6.0,SGA,70.1,62.4,69.0,46.3,65.7
insky,1.0,195.2,1.1,129.5,31.0,3.2,Actually Homeless,58.7,75.0,59.7,86.2,76.6
intox,1.1,212.0,1.3,138.3,22.7,21.9,PUGSTARS,76.0,91.7,74.7,36.1,76.2
invy,0.7,179.2,0.8,115.3,34.6,16.9,Oasis Gaming,41.5,35.5,36.1,94.4,51.0
ipLaweLL,0.6,171.0,0.7,101.0,14.0,20.0,Anime Aimers,32.6,20.4,17.0,2.3,9.7
isa1,1.0,231.9,1.0,141.9,23.9,6.9,Stars Horizon Venus,89.9,68.4,80.1,44.7,77.7
isaa,1.1,222.5,1.1,144.5,28.3,34.8,Gamelanders Purple,84.5,75.4,83.7,74.7,90.0
island,0.5,139.2,0.5,91.2,44.3,0.0,dart monkeys,11.5,9.8,9.5,99.5,26.6
isolate,0.6,121.0,0.5,86.0,27.0,6.6,Team TriVec,5.4,11.0,6.8,67.8,14.1
itzRAZER,1.0,202.0,1.0,134.0,35.0,7.0,Hyperzero,66.5,66.5,67.4,95.2,82.4
iyen,1.0,200.9,1.2,130.2,21.0,23.6,Soniqs,65.5,84.5,60.8,24.9,61.0
jD,0.9,197.2,1.0,125.2,12.2,14.4,EDO TENSEI,60.4,58.7,51.8,1.0,39.5
jEEE,1.0,203.8,1.1,136.0,28.6,34.1,NAOS,67.9,70.6,70.8,76.3,78.5
jaapaazyn,0.7,159.0,0.6,111.7,15.7,25.0,NEW ERA,22.2,17.7,30.3,4.7,10.3
jacobin,1.0,171.4,1.0,110.6,24.8,22.1,Tropinha do TIKTOK 2.0,33.2,58.6,28.3,52.7,39.8
jak,0.3,113.7,0.4,78.0,26.7,0.0,Bún bò Huế,4.3,5.4,4.3,65.9,11.4
jakee,1.0,218.1,1.1,145.2,28.0,6.7,Team Reckaroo,81.6,79.1,84.8,73.6,90.2
jammyz,1.1,192.0,1.3,127.2,25.3,13.9,DarkZero Esports,54.7,91.0,55.6,56.4,68.7
jaozy,0.9,198.0,0.9,135.0,35.0,0.0,doidera,61.6,50.7,69.0,95.2,75.5
japo,1.1,230.9,1.3,149.1,24.1,28.5,não temos um plano,89.4,91.5,89.0,47.8,89.8
jarosa,0.6,137.7,0.5,92.0,24.1,0.0,Goofy Gremlins,10.4,8.0,10.2,47.5,10.7
jaure,1.0,219.2,1.2,139.9,25.9,13.8,Maruti Peek,82.3,86.6,76.8,60.9,86.2
jawgemo,1.1,229.8,1.1,148.6,21.8,18.3,Evil Geniuses,88.8,74.8,88.4,29.6,77.1
jayp,1.0,224.8,1.1,143.3,24.2,6.4,SG e-Sports,85.9,78.8,82.1,48.6,82.3
jcStani,1.1,218.4,1.3,141.6,31.8,15.3,Gen.G,81.7,93.1,79.6,88.2,95.3
jcrueL,1.3,243.4,1.6,154.4,21.3,20.3,Complexity,94.6,99.0,92.8,26.7,88.3
jdee,0.4,103.7,0.4,71.3,13.1,7.9,Agoge Gaming,2.9,2.7,2.8,1.6,0.8
jefari,0.8,186.7,0.7,123.6,28.1,0.0,Jit Lickers,49.5,29.7,48.8,74.0,48.9
jeffie,0.8,174.8,0.8,118.6,21.8,13.2,Team Opulence Gold,36.5,39.5,40.9,29.7,31.8
jello,0.6,124.0,0.6,80.0,34.0,13.0,UAESA Green,6.2,14.9,4.9,93.6,22.7
jen,0.7,130.0,0.6,77.3,34.7,0.0,Immortals,8.0,14.1,4.2,94.6,23.1
jfoeN,0.9,171.2,0.8,115.4,20.1,9.4,E-Xolos LAZER,33.0,32.6,36.5,19.6,23.6
jisoon,1.1,209.0,1.3,139.1,27.9,22.0,RUSH,72.9,91.8,75.6,72.2,88.2
jjg,0.8,173.0,0.7,114.7,23.0,15.7,Tidal,34.6,23.4,34.9,38.2,27.0
jjjoshy,0.8,167.8,0.8,111.9,21.6,0.0,Team Blank,29.5,34.8,30.6,28.8,24.2
jmoh,1.1,212.4,1.4,135.4,17.4,17.8,Pioneers,76.3,97.1,69.9,8.5,66.8
jnrz1k,0.6,116.0,0.4,94.0,25.0,11.0,Raiju e-sports,4.6,3.3,11.3,54.1,9.9
john,1.0,207.3,1.0,132.7,40.7,5.7,Thanos Mug Academy,71.4,63.7,65.0,98.8,83.9
johnqt,1.1,198.5,1.4,131.4,26.1,17.2,Ghost Gaming,62.3,96.3,63.0,62.6,78.0
joslyn,0.6,134.7,0.5,91.7,26.3,25.7,Roulette,9.7,10.3,10.0,63.5,14.7
jotaeny,0.7,150.0,0.6,99.7,18.3,15.0,Amigos do Pitoco,16.4,16.6,16.0,11.3,7.6
jotavê,0.9,180.0,0.8,121.7,42.7,8.0,ATS Brave,42.3,30.3,45.6,99.3,54.4
jovahnii,1.0,196.6,1.0,130.5,24.5,9.3,Akrew,59.8,61.7,61.3,50.7,60.4
jow,1.1,218.6,1.1,140.7,25.6,20.4,OIP,81.9,74.2,78.3,58.5,81.6
jud1,0.8,147.8,0.8,94.4,18.2,0.0,ORN FC Esports,15.3,32.1,11.5,11.0,9.1
jules,1.0,200.9,1.2,138.1,27.6,11.0,Before,65.3,87.0,74.6,71.0,83.5
juraf,0.7,197.7,0.7,120.0,19.7,0.0,Corn Dogs,60.9,27.7,42.9,17.1,32.2
jvziN,0.6,128.0,0.4,95.0,16.0,0.0,QLQR 1,7.3,6.3,11.8,5.2,2.3
jzz,1.1,243.6,1.2,158.6,28.6,17.9,MIBR,94.8,83.3,95.1,76.1,96.1
k0chilo,1.0,219.7,1.1,144.0,30.0,7.4,REiGN,82.7,76.9,83.0,82.6,91.6
k1Ng,1.1,215.1,1.3,141.1,28.8,21.8,Incheon On Sla2ers,78.5,94.6,79.0,77.2,92.7
k1ngmai,0.6,144.0,0.6,96.4,21.6,17.9,18again,13.4,15.1,13.1,28.5,9.2
k1sa,1.0,192.5,1.0,127.5,23.1,16.2,Team Rocket,55.2,61.1,56.1,39.5,52.3
k1zy,0.9,190.1,0.8,124.3,23.8,12.9,Early Access,53.1,42.4,50.0,44.4,45.2
kaii,0.6,136.0,0.6,92.3,24.3,19.3,Bún bò Huế,9.9,15.3,10.5,49.4,12.6
kakaJESUS,1.1,200.6,1.2,131.2,18.3,23.2,3P eSports,65.0,86.7,62.6,11.1,57.4
kane,0.7,162.3,0.7,111.3,23.0,23.0,SGA,24.9,29.9,29.6,38.2,23.8
karanbit,0.8,211.0,0.7,147.0,14.0,0.0,Tunker,74.9,28.0,87.0,2.3,45.8
karmax1,0.4,120.4,0.4,86.5,27.1,14.2,Tokyo Revengers,5.3,4.4,7.1,68.3,12.5
kas,0.6,125.9,0.4,91.1,19.6,0.0,select few,6.4,5.5,9.4,16.7,3.3
katiee,0.5,131.7,0.4,86.7,15.3,0.0,TRD,8.5,5.6,7.2,4.0,1.8
kato,1.1,196.6,1.2,131.4,20.0,7.7,LUSA White,59.7,86.5,62.9,18.9,58.3
katsumi,1.1,205.9,1.2,134.4,33.4,17.0,Cloud9 White,69.9,83.0,67.9,92.5,88.4
kaz,1.0,193.6,1.1,127.9,28.2,22.1,ONi,56.7,76.0,56.6,74.3,70.6
keiz,1.0,226.7,1.0,144.3,20.0,0.0,fakezinho dos guri,86.9,59.8,83.3,18.9,66.0
kellyS,1.0,227.1,1.0,147.8,22.1,15.0,Rex Regum Qeon,87.4,66.8,87.7,32.1,74.6
keloqz,0.9,192.7,0.9,122.7,22.0,0.0,G2 Esports,55.4,52.2,47.0,31.4,43.9
keruse,0.6,138.0,0.4,83.0,13.0,0.0,Hugh Jass Construction,10.8,5.1,5.6,1.5,1.5
kev,0.9,203.9,1.0,132.3,19.2,16.6,Cosmic Divide,68.1,57.5,64.5,15.1,50.0
kevin,0.2,72.0,0.2,60.0,15.0,0.0,Rumor 2.0,0.5,0.2,1.0,3.5,0.3
keznit,1.1,252.8,1.2,165.0,23.8,17.3,KRÜ Esports,96.7,88.1,97.1,44.0,91.8
khan,0.3,76.0,0.2,55.0,6.0,0.0,TRD,0.6,0.6,0.6,0.1,0.1
khanartist,1.0,200.8,1.0,126.7,32.1,9.6,Built By Gamers Academy,65.2,65.3,54.4,89.0,74.4
kiNgg,1.1,226.5,1.2,146.9,22.2,21.7,LEVIATÁN,86.8,85.7,86.8,32.6,81.4
kid,1.1,220.6,1.3,147.7,27.1,12.8,ROLO COMPRESSOR,83.2,92.6,87.7,68.5,93.4
kingston,0.9,202.2,1.0,129.9,22.3,9.2,Resonate,66.6,67.0,60.1,33.6,57.9
kipp,0.8,148.0,0.7,99.7,21.7,5.3,ValorsGG,15.5,27.2,16.0,29.0,13.2
kirei,0.9,193.6,1.0,129.5,26.4,7.0,AstraSect,56.7,57.2,59.7,64.8,62.0
knFrosT,0.8,180.0,0.6,115.0,19.0,0.0,Nunca Tentamos,42.3,18.5,35.6,14.1,19.8
koalanoob,1.1,239.3,1.3,151.6,25.1,11.1,Ghost Gaming,93.1,90.5,90.8,54.9,92.7
koldamenta,0.9,174.1,0.9,113.8,21.9,13.0,Guild Esports,35.9,53.0,33.5,30.4,33.5
kon4n,1.1,215.2,1.1,142.1,24.6,21.5,TBK Esports,78.5,79.8,80.5,50.9,80.1
kongared,1.0,200.0,1.0,131.5,26.8,10.3,Made in Thailand,64.3,62.7,63.1,66.5,68.5
koosta,1.0,193.7,1.1,132.2,24.4,16.7,Gen.G,56.9,77.3,64.2,49.7,65.8
kouhai,0.7,145.0,0.6,97.7,22.7,21.0,GunsForHire,13.7,18.1,14.1,35.7,11.7
krain,1.1,200.0,1.3,131.8,24.1,18.3,Liberty,64.4,93.3,63.6,47.6,72.7
kumi,0.9,210.6,1.1,136.0,34.6,10.6,HypeHorizen,74.4,69.9,70.8,94.3,87.2
kunichi,0.7,176.0,0.6,120.0,24.0,0.0,Discord Kitties uwu,38.0,19.8,42.9,46.3,32.0
kurtesy,0.6,138.0,0.5,102.7,16.7,0.0,Oasis Gaming,10.8,9.6,18.5,6.6,4.5
kwn,0.8,183.0,0.8,115.0,36.0,0.0,Cyclonados,46.0,34.1,35.6,96.4,52.4
kxtieoh,0.5,108.0,0.4,70.3,23.3,12.7,Misfits Black,3.4,3.8,2.6,41.0,5.7
kyoChi,0.8,226.3,0.8,149.0,34.0,0.0,NPGTxD,86.7,42.7,88.8,93.6,87.8
laddermoves,1.2,252.6,1.4,161.3,23.0,3.5,Aspyre,96.5,96.9,96.0,38.2,92.4
lazylion,1.1,252.2,1.3,161.9,31.7,8.2,Flex Gaming,96.4,91.4,96.3,87.9,98.9
leaf,1.1,243.3,1.2,157.6,21.8,24.0,Cloud9,94.6,85.5,94.6,29.9,85.7
leakk0,1.3,239.8,1.5,162.8,28.3,0.0,EXODIA,93.3,98.0,96.5,74.9,98.1
leelee,0.8,152.2,0.7,104.5,23.0,0.0,Gen.G Black,17.8,20.0,20.5,38.2,15.6
lenne,1.0,192.8,0.9,128.7,21.9,20.2,BLEED,55.5,53.4,58.2,30.3,47.4
leo1,1.0,221.8,1.0,139.3,24.3,6.0,Flow e Amigos,84.0,68.1,75.9,49.4,75.9
let,0.9,234.7,1.1,144.3,28.7,100.0,Before,91.1,77.8,83.3,76.6,92.6
letho,1.2,230.1,1.3,152.2,20.5,12.5,leptospirose,88.9,91.3,91.4,22.0,81.8
lewwY,0.4,163.0,0.5,103.0,7.0,0.0,Divided Sons,25.4,6.9,18.8,0.2,5.8
lf9W,0.9,229.7,0.8,148.0,20.3,0.0,TEAM BGS,88.7,42.8,87.9,20.9,62.6
lian,0.6,202.0,0.7,119.0,19.0,0.0,Anime Aimers,66.5,25.0,41.5,14.1,32.0
liazzi,1.1,257.2,1.2,163.1,21.5,21.8,Liberty,97.1,88.5,96.6,28.0,87.4
lipw,1.1,227.6,1.2,145.6,28.5,5.4,Maniacos da Mira,87.7,87.6,85.2,75.9,94.1
lissa,0.9,187.1,1.0,131.8,31.8,6.4,Gamelanders Purple,49.9,59.5,63.6,88.3,69.8
litzZ,0.8,186.0,0.7,129.0,23.3,0.0,Looking for Contract,49.0,25.5,58.8,41.0,40.3
lopesBoy,0.9,191.2,0.8,128.7,25.0,27.2,não temos um plano,54.0,41.1,58.2,54.1,50.9
lore,0.8,186.9,0.8,119.3,25.7,14.6,SHOWRUNNERS,49.7,34.1,42.0,59.4,43.7
lovely,1.0,224.6,1.0,147.4,26.2,6.9,ROLO COMPRESSOR,85.8,60.9,87.3,63.2,83.1
lu1sx,0.9,154.9,0.8,104.2,28.7,4.7,doidera,19.4,33.3,20.3,76.6,32.5
luck,0.7,137.9,0.6,96.9,16.9,0.0,Skyline Rebaixado,10.4,15.6,13.4,7.1,4.7
lugn,0.9,207.2,1.0,137.5,21.2,16.8,Só Deus Sabe,71.3,57.8,73.5,26.2,58.7
lukzera,0.9,169.4,0.9,108.2,22.3,20.5,TBK Esports,30.7,48.3,24.9,33.6,28.6
luqz,1.3,242.8,1.6,160.8,34.1,18.2,Rise Gaming,94.4,98.8,95.9,93.9,99.7
luscaah,1.1,249.0,1.6,166.2,33.8,12.1,Arca do Plato,95.8,99.1,97.6,93.2,99.7
luxdex,0.8,155.0,0.8,105.0,21.0,0.0,North Stars,19.6,32.8,21.0,24.9,16.4
lya,0.7,144.9,0.7,99.2,19.0,9.2,leptospirose,13.6,21.9,15.5,14.1,8.3
lz,0.9,209.0,0.9,141.0,28.4,29.0,Supremacyy,72.9,49.3,78.8,75.4,75.5
m1nh,0.4,100.4,0.3,67.6,36.9,12.2,Team AIYA,2.4,1.5,2.3,97.1,17.7
m2skyy,0.6,163.7,0.6,106.7,30.0,8.0,SYR,25.9,18.1,22.9,82.6,32.5
m4ndzin,0.9,195.0,1.0,132.6,28.5,14.4,VIM TIRAR ORG GRANDE,58.4,60.2,64.8,75.9,69.1
mNdS,1.0,173.8,1.0,114.6,29.0,19.0,MIBR,35.6,60.8,34.8,78.9,51.7
mada,1.0,215.3,1.1,140.9,24.0,16.3,Shopify Rebellion,78.6,72.5,78.6,47.1,75.8
majed,0.5,132.3,0.6,109.3,36.3,0.0,Area of Effect,8.9,12.4,26.3,96.7,30.9
maju,0.6,176.0,0.7,104.0,14.0,0.0,LionHeart,38.0,25.0,20.0,2.3,12.7
manual,0.6,121.9,0.5,84.7,17.7,10.0,Last Resistance,5.6,9.7,6.2,9.4,2.4
marcelintb,1.0,173.2,1.2,113.1,28.4,32.6,ROLO COMPRESSOR,34.9,88.4,32.3,75.5,59.6
marfood,0.6,180.0,0.6,113.0,28.0,0.0,Divided Sons,42.3,14.9,32.0,73.0,36.5
mari,0.7,153.0,0.4,113.3,22.3,0.0,eu e as 4 mulas,18.4,6.2,32.6,33.6,14.1
marky,0.6,140.4,0.5,99.0,21.7,10.8,Oasis Gaming,12.0,9.5,15.4,29.2,8.6
marouS,0.8,190.0,0.7,117.0,26.0,0.0,Tidal,52.8,25.8,38.8,61.7,41.9
maruii,1.0,228.0,1.2,155.6,25.0,40.0,Amollang,87.9,88.4,93.2,54.1,91.2
matheuzin,1.0,201.4,1.1,131.1,21.9,13.3,TBK Esports,66.1,70.1,62.5,30.4,58.8
maxie,1.0,193.5,1.0,128.3,28.0,21.7,BLEED,56.5,66.3,57.6,73.0,67.4
maybell,0.9,189.9,0.9,125.0,24.4,16.8,GyuBeueumJang,52.6,45.1,51.2,49.8,47.6
mazin,0.9,195.2,1.0,129.1,28.4,19.9,FURIA,58.7,62.1,58.9,75.6,68.1
mcn,0.9,144.2,0.9,90.2,17.7,6.5,Galaxy Carrots,13.5,47.1,9.0,9.3,11.1
meL,1.2,240.9,1.4,152.2,24.1,12.7,Cloud9 White,93.7,96.2,91.4,47.3,92.6
mean,0.5,184.0,0.6,117.0,64.0,0.0,Medics,46.7,14.9,38.8,100.0,48.4
medo,1.0,217.3,1.0,142.0,24.6,34.1,Alpha United,80.7,62.4,80.3,50.8,74.7
mega,1.2,232.1,1.4,152.1,26.8,44.2,Bomb Crypto,90.1,97.4,91.3,66.7,95.5
mel,0.6,150.0,0.6,94.7,16.0,10.0,eu e as 4 mulas,16.4,14.7,11.6,5.2,5.0
mero,0.8,173.2,0.8,119.4,24.6,11.3,Primary Gaming,34.9,37.2,42.1,50.7,37.4
micr0,0.9,176.6,0.9,112.7,21.6,8.9,South Built Esports,38.7,46.4,31.6,28.4,31.2
miffy,0.8,254.0,0.9,181.0,34.0,0.0,Bún bò Huế,96.7,53.2,99.4,93.6,95.3
miggie,1.0,189.1,1.0,124.4,29.6,10.9,HypeHorizen,51.6,58.8,50.3,81.0,63.3
mikshak,0.9,202.1,0.9,135.5,19.5,5.5,Hyperspace Dark,66.5,52.6,70.1,16.3,50.2
mina,1.1,221.4,1.2,139.8,22.7,18.9,Zero MarksMen Black,83.8,84.9,76.5,35.9,77.1
mindfreak,1.1,182.3,1.1,117.6,30.1,20.5,Paper Rex,45.1,78.5,39.7,83.3,65.2
ming,0.3,95.3,0.3,70.6,22.4,0.0,604,1.9,1.2,2.7,34.5,4.0
miniature,1.1,226.9,1.2,150.3,25.3,16.1,ADHD,87.2,89.5,89.7,56.7,91.1
minus,1.0,228.0,1.1,148.1,28.1,25.9,Team Mystic,87.9,75.3,88.1,73.7,91.5
misty,0.9,213.1,0.9,137.2,21.4,0.0,Royal life,76.8,47.4,73.2,27.6,57.3
miszero,0.8,160.0,0.8,112.0,21.0,15.0,Rose,23.0,32.8,30.8,24.9,20.3
mitch,1.0,193.0,1.1,127.1,18.4,12.9,Cloud9,55.9,73.8,55.3,11.7,47.1
mittens,0.7,166.5,0.7,110.4,24.2,0.0,Stars Horizon Venus,28.3,20.6,28.0,48.7,24.9
miuz,1.1,221.3,1.1,147.3,24.3,0.0,BOD Esports,83.6,70.3,87.3,49.4,80.7
mizu,0.9,174.5,0.9,115.0,28.0,3.1,9z Team,36.1,44.5,35.6,73.0,45.0
mobi,0.9,176.0,1.2,126.8,34.4,13.4,Hugh Jass Construction,38.0,85.3,54.7,94.0,73.9
momo,0.6,168.3,0.6,105.0,17.0,0.0,GodGamers,29.9,16.6,21.0,7.5,10.4
monSi,0.9,175.5,0.9,118.2,27.6,5.6,Built By Gamers Academy,37.5,47.7,40.4,71.3,47.2
moose,1.1,203.3,1.4,135.5,25.2,15.8,Shopify Rebellion,67.4,95.4,70.1,56.0,79.7
moura,1.1,170.4,1.1,113.7,23.5,12.3,3P eSports,31.9,69.6,33.2,41.7,41.1
mpX,0.7,125.3,0.6,84.9,22.4,9.4,Flow e Amigos,6.4,18.6,6.2,34.5,8.4
mummAy,1.2,243.5,1.6,155.8,21.5,29.5,Andbox,94.8,98.6,93.5,27.7,88.6
munsoo,0.8,194.0,0.8,131.8,23.0,0.0,FIRST PIECE,57.2,35.6,63.5,38.2,46.5
muri,1.1,218.8,1.2,144.3,19.8,18.1,ORN FC Esports,81.9,81.2,83.3,17.9,70.9
murizzz,0.9,189.8,0.9,124.8,23.8,13.6,Keyd Stars,52.4,53.9,51.0,44.1,48.8
mw1,0.7,174.3,0.6,107.3,20.7,25.0,ChillinWithFriends,36.0,14.6,23.8,22.7,15.8
mwzera,1.1,239.1,1.1,155.5,18.8,15.9,Keyd Stars,93.1,75.7,93.2,13.1,75.0
mxm,1.1,219.2,1.3,142.4,34.8,18.5,Só Deus Sabe,82.2,91.8,81.0,94.8,96.3
mzr,0.8,168.5,0.8,106.0,18.0,0.0,Moonrise Black,30.1,32.2,22.0,10.5,15.0
n1nety,0.4,100.0,0.3,66.0,30.0,0.0,FaRt Clan,2.4,1.3,1.9,82.6,13.4
n1zzy,1.1,229.0,1.0,158.6,25.6,0.0,Fancy United Esports,88.3,63.0,95.0,58.2,85.7
n8zy,0.9,241.2,0.9,165.2,22.9,4.1,Spectral Purple,93.8,46.5,97.2,36.8,74.7
nAts,1.2,224.0,1.3,144.2,31.1,23.8,M3 Champions,85.5,93.9,83.2,86.6,96.0
nPanda,1.0,190.1,1.0,128.6,36.8,25.1,Zenigma Alpha,53.0,56.8,57.9,97.0,71.0
nTK,0.9,189.6,0.9,116.1,24.7,25.9,Team Big BAAM,52.2,45.9,37.7,52.1,44.4
nZo,0.5,135.0,0.4,98.6,18.4,0.0,Tokyo Revengers,9.7,3.0,15.1,11.5,3.7
na1ne,0.3,102.0,0.3,71.0,10.0,0.0,Furnace e-sports,2.6,2.1,2.7,0.5,0.6
naio,0.9,209.0,0.8,128.3,24.3,23.0,UNB Green Owls,72.9,37.8,57.5,49.4,54.4
nandinh0,0.8,155.0,0.8,97.9,25.4,17.8,Botafogo eSports,19.6,33.0,14.3,57.3,24.5
napkin,0.7,151.4,0.8,99.6,21.7,11.2,New Moon,17.3,33.6,15.8,29.3,15.5
nat1,1.0,182.8,1.0,122.8,19.8,4.1,Team Liquid Brazil,45.7,61.9,47.2,18.2,39.9
nate,1.0,190.8,1.1,126.4,30.2,13.4,Team Reckaroo,53.5,74.7,53.7,83.6,71.3
nathanvivs,0.7,200.0,0.6,132.3,29.7,0.0,Ego peekers,64.1,18.2,64.4,81.3,58.4
natz,0.9,209.3,1.1,134.0,23.6,16.7,Alter Ego,73.2,69.4,67.6,42.2,67.0
nauta,1.1,215.7,1.0,145.3,27.3,25.0,JAMPA e-Sports,79.0,63.7,84.9,69.9,83.3
nautic,1.1,194.1,1.3,130.5,20.0,5.6,StarBound,57.4,90.7,61.5,18.9,58.6
naxy,0.9,186.0,1.0,120.5,17.7,18.1,Team Liquid Brazil,49.0,56.8,43.7,9.4,35.4
ndk,0.8,202.5,0.9,128.6,14.1,3.9,tropa da realeza,66.9,47.8,57.9,2.6,40.6
neT,1.0,189.6,1.0,125.6,31.1,11.3,The Guard,52.2,68.3,52.5,86.8,69.3
nedg,0.8,166.6,0.7,113.1,17.0,9.8,Archons,28.5,27.5,32.2,7.5,15.3
neongod,1.0,199.2,1.0,129.2,17.5,15.8,KPZ,63.2,57.0,59.2,8.6,44.5
nephh,0.8,178.8,0.8,115.6,24.0,8.2,Gaimin Gladiators,41.3,40.6,36.8,46.3,37.4
neptune,1.1,206.7,1.1,136.1,23.7,22.4,NYFU,70.7,80.7,71.2,43.7,71.8
nerve,1.1,197.4,1.1,129.6,26.1,18.1,Cosmic Divide,60.6,80.6,59.8,62.5,70.7
neth,1.0,199.8,1.1,131.0,25.8,17.3,Crazy Raccoon,63.8,77.1,62.4,59.9,70.5
netiin,0.6,146.3,0.5,105.3,22.3,0.0,North Stars,14.7,11.4,21.2,33.6,11.6
nev,1.1,215.7,1.1,145.1,28.9,19.6,tier2sussinha,79.2,80.7,84.7,77.5,90.9
nicksz,1.1,228.3,1.1,140.6,20.3,10.4,IRLV.GG,88.2,72.8,77.9,20.5,69.2
nmutuA,0.6,126.1,0.5,86.7,41.4,2.4,dart monkeys,6.7,8.0,7.2,99.0,23.1
noaisaraf,0.8,165.3,0.7,107.3,17.0,8.7,James Madison University,27.0,26.4,23.8,7.5,12.3
nobody,1.1,208.2,1.3,138.4,30.1,30.0,EDward Gaming,72.2,93.8,74.8,83.3,91.3
nobrainskye,1.3,198.0,1.7,141.0,19.0,0.0,WNF Esports,61.6,99.1,78.8,14.1,67.5
nocz,0.8,161.2,0.8,110.8,26.7,13.2,Aquele lá,23.8,36.1,28.6,66.2,33.9
noside,1.2,272.7,1.3,165.4,18.0,31.0,ORN FC Esports,98.8,92.2,97.3,10.5,83.9
notyourhealer,0.2,64.3,0.2,42.0,27.3,0.0,Dark Circle,0.2,0.3,0.2,69.9,9.3
novacaine,1.0,231.4,1.1,150.8,23.3,24.1,Green Beans,89.6,69.5,90.2,40.8,80.4
nowise,1.1,186.5,1.6,127.1,21.1,16.5,hashiras,49.4,98.5,55.2,25.8,58.7
ntk,0.9,186.9,0.8,128.1,17.8,8.2,Renegados,49.7,37.3,57.0,9.5,33.7
nukkye,1.1,239.8,1.2,162.1,21.0,13.3,G2 Esports,93.4,86.3,96.4,24.1,84.2
nunzera,1.1,260.0,1.2,159.3,29.0,0.0,Griffos E-Sports,97.6,84.7,95.4,78.4,97.4
nuuh,0.8,188.0,0.8,127.5,24.5,12.8,VIM TIRAR ORG GRANDE,50.6,40.5,56.0,50.4,47.4
nyan,0.9,172.9,0.8,111.6,22.4,0.0,Alpha United,34.4,41.7,30.1,34.3,29.6
nzr,1.1,198.4,1.2,133.8,21.0,9.3,FURIA,62.2,85.8,67.0,25.5,62.8
obey,0.9,246.0,1.0,158.0,28.0,10.0,TRD,95.3,57.0,94.8,73.0,90.4
ohai,1.0,203.5,1.0,134.6,27.3,19.6,BASILISK,67.6,59.8,68.4,69.3,71.1
oitaN,1.0,192.8,1.0,125.2,24.9,5.7,IGZIST,55.5,61.3,51.7,53.2,55.9
ozz,0.8,186.0,0.9,118.4,23.6,6.6,TEN-5,49.0,48.8,40.7,42.3,42.3
pANcada,1.1,192.0,1.2,127.4,35.6,21.2,LOUD,54.6,85.8,55.7,96.0,81.4
pAradise,1.0,202.4,1.0,133.1,32.8,13.4,fake doi,66.7,56.7,66.0,90.8,76.8
pAura,0.7,153.5,0.7,99.6,28.1,6.4,BBL Esports,18.7,21.7,15.8,73.6,26.4
pMdr1,1.1,202.5,1.2,126.1,31.7,7.4,LUSA White,66.8,89.1,53.1,87.9,83.0
paddoX,0.6,129.7,0.4,95.0,19.7,0.0,Galaxy Esports,7.7,6.3,11.8,17.1,4.2
panini,0.8,158.3,0.7,110.3,29.1,10.1,Shopify Rebellion GC,21.7,28.4,27.7,78.9,34.5
pao,0.5,142.8,0.5,88.9,27.2,0.0,604,12.8,7.8,8.4,69.0,16.3
paradoox,1.1,227.1,1.0,150.2,25.0,31.4,Amigos do Pitoco,87.3,60.2,89.6,54.1,81.1
patuw,1.0,195.4,1.0,126.4,22.1,17.8,EXODIA,58.9,65.7,53.6,32.2,51.8
pauLy,0.9,178.2,0.8,128.5,22.2,19.2,Carpe Noctem,40.8,41.6,57.7,32.8,39.8
paulin da ZL,0.7,131.6,0.6,93.9,21.6,6.5,tropa do mata rindo,8.4,15.6,11.1,28.7,8.1
pavel,1.1,256.3,1.1,169.3,18.4,4.6,BONDE DO TIRINGA,97.0,79.3,98.2,11.8,78.7
pdr,0.9,177.4,0.9,117.4,23.5,4.3,Stars Horizon,39.9,53.8,39.4,42.0,40.5
peet tchutchuco,1.0,208.9,1.2,143.8,30.3,3.9,tropa do mata rindo,72.7,81.4,82.6,83.9,90.5
penny,1.2,233.9,1.4,151.2,23.2,18.3,Version1,90.8,95.8,90.5,39.8,89.4
peroR,0.9,182.8,1.0,121.8,27.3,12.3,M1syl and friends,45.7,56.3,45.8,69.4,54.3
pho,1.0,172.8,1.0,117.6,29.1,16.0,Clanless,34.3,61.9,39.9,79.0,53.3
phoebe,0.9,175.6,1.0,111.1,26.4,23.5,AF,37.5,60.3,29.2,65.0,45.7
phoon,0.8,163.6,0.9,107.3,25.4,23.9,IlluZion,25.8,46.1,23.6,57.4,33.5
phost,0.8,158.7,0.8,102.1,30.3,12.5,DawN,22.0,37.4,18.2,83.9,36.1
phs,0.7,127.8,0.5,86.8,26.0,0.0,Cleveland,7.2,10.2,7.3,61.7,12.9
phz,0.9,179.4,0.9,117.1,15.6,0.0,Flow e Amigos,41.7,45.0,39.1,4.4,26.5
pissed,0.8,173.0,0.7,117.2,23.0,0.0,FaRt Clan,34.6,21.8,39.3,38.2,27.8
piva,1.0,251.5,1.1,159.6,36.9,5.8,EXODIA,96.1,72.1,95.5,97.1,97.9
plat1num,1.0,187.3,1.2,126.0,27.1,17.7,YFP Gaming,50.0,84.4,52.9,68.5,68.2
plaza,1.0,209.9,1.1,135.2,25.0,14.2,Zero MarksMen Silver,73.8,79.3,69.6,54.1,75.7
pleets,0.9,175.0,0.9,111.4,14.5,18.6,Los Grandes,36.6,46.5,29.7,3.1,21.6
poem,0.7,154.3,0.7,104.6,26.4,42.7,IGZIST,19.3,23.5,20.6,64.2,25.6
polarbear,0.7,165.7,0.7,118.6,19.8,12.5,303 Esports,27.6,24.3,41.0,18.1,20.1
pollo,0.9,223.0,1.0,141.7,24.8,5.7,Team Vikings,84.7,56.4,79.8,52.4,74.2
popogachi,1.0,194.4,1.0,133.9,25.5,5.7,Crazy Raccoon,57.8,65.5,67.2,57.8,65.8
powa,0.6,156.7,0.6,101.3,21.8,0.0,Panda Party,20.7,13.7,17.3,29.9,11.6
pr0xy,1.0,206.6,1.1,136.5,33.0,13.9,SPEAR GAMING,70.7,75.7,71.9,91.8,87.3
pr1nce,0.5,138.0,0.5,91.0,23.0,0.0,Pacific Gaming,10.8,6.9,9.3,38.2,8.4
predsu,0.8,185.9,0.9,116.1,24.2,13.1,StarBound,48.8,55.3,37.8,48.5,45.4
pretty,0.9,189.9,0.8,130.5,25.1,5.0,Desire Rising,52.6,42.1,61.4,54.9,52.1
prince,1.0,196.8,1.0,131.1,25.7,12.5,Los Grandes,60.0,65.0,62.5,58.8,65.1
prism,0.6,183.7,0.7,121.0,24.7,0.0,goth boy clique,46.5,26.4,44.5,51.5,38.5
prozin,1.0,188.5,1.0,118.1,32.1,0.0,Sharks Esports,51.1,59.9,40.3,89.1,62.6
pryze,1.1,207.7,1.1,144.4,26.4,25.2,Tuzzy E-Sports,71.7,81.0,83.7,64.6,84.6
pszin,0.8,171.7,0.7,108.0,16.0,17.7,bolinha de golfe,33.4,26.2,24.6,5.2,13.6
purp0,0.8,182.0,0.8,120.8,32.2,9.0,M3 Champions,44.6,38.5,44.2,89.4,54.0
pvS,1.0,206.5,1.1,136.0,20.1,18.6,Maniacos da Mira,70.6,69.8,71.0,19.6,59.5
pwny,1.2,190.6,1.4,124.8,30.0,24.6,T1,53.3,97.0,51.0,82.1,77.9
pycr,0.8,186.1,0.8,119.1,25.9,0.0,5 of a Kind,49.2,38.1,41.8,60.4,45.1
pyetev,0.9,194.1,0.9,131.1,18.9,9.2,AJF e-Sports,57.4,48.9,62.5,13.4,42.8
pyth,1.0,193.3,1.1,130.2,28.9,12.4,BLEED,56.4,73.1,60.7,77.8,72.4
quackzyy,1.0,207.7,1.1,137.0,25.7,7.0,select few,71.6,74.9,72.8,59.0,76.1
quando,0.9,213.5,0.9,138.9,30.2,15.2,SLODI REPUS,77.2,50.9,75.2,83.5,79.0
qvexzzZ,0.5,158.6,0.6,103.2,32.2,0.0,BaddiesOnVal,21.9,12.5,19.2,89.4,30.4
rDeeW,1.0,189.5,1.2,122.6,21.6,19.2,ORDER,52.1,89.3,46.7,28.5,53.8
raafa,0.9,189.9,1.0,125.5,23.0,12.6,Liberty,52.6,57.3,52.2,37.3,48.0
rackz,1.0,212.5,1.1,135.8,29.8,0.0,Crownless,76.3,78.9,70.5,81.9,86.6
rajadaJJ,1.0,184.4,1.0,117.1,25.1,12.9,REiGN,47.1,58.5,39.2,55.4,48.3
ralleva,1.0,235.7,1.0,148.3,29.0,0.0,fake doi,91.7,63.3,88.3,78.4,90.8
randyySAVAGE,1.2,234.0,1.5,157.6,32.1,21.1,Girl Kissers,90.9,97.9,94.5,89.0,99.0
rath,0.4,134.3,0.4,98.3,14.7,33.0,1Rule,9.6,3.7,14.9,3.2,2.6
rawfiul,1.2,273.5,1.5,171.1,37.2,24.2,Enigma Gaming,98.9,98.1,98.5,97.4,100.0
raytek,1.0,192.9,1.1,125.2,25.3,10.7,Astro Esports,55.7,70.8,51.8,57.0,61.0
rdo,0.9,183.5,0.9,116.0,22.3,24.5,RD E-SPORTS,46.5,46.3,37.3,34.0,37.1
redo,0.8,153.5,0.8,100.1,21.4,4.4,Moonrise,18.8,31.6,16.5,27.5,14.9
reece,0.5,98.0,0.4,74.4,20.4,0.0,Rose,2.2,4.1,3.4,21.4,2.4
rellenar,1.0,198.0,1.1,132.9,20.3,16.0,Team Inv,61.6,75.8,65.3,20.4,56.2
renai,1.1,200.0,1.1,132.0,28.0,0.0,UnitedERA,64.1,77.4,64.0,73.0,76.2
renew,0.8,197.2,0.8,136.4,24.4,22.4,Salut e-Sports,60.4,35.9,71.6,49.8,54.6
renz,1.0,184.0,1.0,119.9,32.6,25.4,Big Baller Brand,46.7,56.7,42.7,90.1,61.3
reprive,0.7,186.2,0.7,123.5,28.3,6.5,mozzy,49.3,28.6,48.5,74.7,48.6
retrograde,0.6,130.0,0.4,94.0,15.0,0.0,BRICKEDUP,8.0,3.6,11.3,3.5,1.9
rev0h,0.7,177.2,0.7,117.0,34.2,7.1,Archons,39.7,28.7,38.8,94.0,48.6
reverse,0.5,127.3,0.5,94.7,19.2,18.9,Pasquallys Pizza Posse,6.9,6.6,11.6,15.2,4.0
rezol,0.6,115.3,0.5,81.3,32.7,0.0,TEAM BGS,4.5,9.9,5.3,90.4,19.7
rhyme,1.2,245.9,1.4,162.4,30.7,11.6,Gen.G,95.2,95.7,96.4,85.4,99.0
rhz,0.9,151.3,0.8,98.4,26.5,19.0,Keyd Stars,17.3,39.6,15.0,65.3,28.5
ribs,0.9,198.0,0.9,122.0,28.0,14.0,Elon Homies,61.6,44.5,46.2,73.0,57.3
ricky,1.2,217.8,1.2,150.2,30.1,16.4,Nation Gaming,81.3,84.2,89.7,83.3,94.4
rickziN,1.5,225.0,2.2,145.0,26.0,60.0,Maniacos da Mira,86.1,100.0,84.4,61.7,93.4
riley,0.7,176.8,0.7,111.8,12.2,0.0,Nana's Biscuits,39.0,20.9,30.5,1.0,14.2
rion,1.0,200.4,1.1,130.6,32.5,3.0,Crazy Raccoon,64.8,80.1,61.6,90.0,82.7
rise,0.8,133.4,0.7,91.1,24.9,17.1,CLG Red,9.2,25.6,9.5,52.8,15.8
rite2ace,1.1,200.1,1.1,134.6,25.2,13.2,Velocity Gaming,64.4,79.9,68.2,56.2,72.6
rkt,0.6,119.6,0.5,79.2,19.7,0.0,Amigos do Pitoco,5.1,7.6,4.7,17.1,3.0
rnsx,0.8,179.8,0.8,108.5,21.0,0.0,IRLV.GG,42.0,36.3,25.3,24.9,26.0
robwiz,0.8,173.0,0.7,112.0,22.0,,Shopify Rebellion GC,34.6,22.6,30.8,31.4,22.7
roca,1.0,229.4,1.0,144.3,28.8,13.6,BASILISK,88.6,67.0,83.2,77.5,89.2
roompa,0.8,189.2,0.9,121.9,34.9,13.1,Nightblood Gaming,51.8,53.3,46.0,95.0,64.9
root,1.0,239.7,1.0,155.7,34.1,0.0,Nation Gaming,93.3,68.8,93.3,93.9,96.1
roseau,0.9,165.5,0.9,110.4,20.5,18.1,Persija Esports,27.2,44.0,28.0,21.9,23.2
royal,0.9,180.0,0.9,121.7,31.3,15.3,BASILISK,42.1,51.9,45.7,87.2,57.7
rst,1.0,177.3,1.0,118.9,19.8,11.8,Renegados,39.8,61.1,41.4,17.7,35.7
runi,1.1,205.4,1.3,138.0,27.3,14.1,Soniqs,69.8,91.2,74.3,69.4,85.8
ryann,1.0,179.6,1.0,114.9,31.0,24.3,Gorilla Gang,41.8,62.8,35.1,86.6,57.6
ryotzz,1.0,198.8,1.0,130.7,13.4,14.6,TBK Esports,62.7,58.4,61.8,1.8,43.5
ryuko,0.6,176.7,0.6,119.7,36.6,3.7,604,38.9,17.1,42.5,96.9,46.7
ryuziN,0.8,152.2,0.8,101.5,23.9,11.3,BONDE DO TIRINGA,17.9,40.9,17.5,45.2,23.5
s0m,1.1,226.7,1.2,146.7,26.3,22.2,NRG Esports,87.0,85.9,86.6,63.5,91.1
s1u,0.7,160.2,0.7,108.3,24.2,6.7,Royal life,23.3,22.2,25.0,48.3,22.4
sScary,1.1,220.9,1.2,145.1,24.7,18.2,XERXIA Esports,83.4,88.5,84.7,51.9,86.8
sSef,1.0,192.9,1.1,128.9,20.0,15.2,YFP Gaming,55.8,79.8,58.5,19.5,52.9
saadhak,1.1,204.3,1.1,132.5,21.6,10.8,LOUD,68.6,72.4,64.7,28.6,60.8
sacul,0.8,185.1,0.8,123.3,20.9,0.0,Tokyo Revengers,48.0,31.0,48.3,23.8,33.0
saint,0.9,182.1,0.9,124.5,21.1,11.7,Desire Rising,44.9,51.2,50.6,25.9,39.8
sarahcat,0.7,169.0,0.7,108.3,42.7,0.0,Immortals,30.4,22.9,25.1,99.3,41.5
saske,0.8,150.0,0.7,102.4,21.9,18.7,IRLV.GG,16.4,24.5,18.4,30.5,13.8
say,0.3,128.0,0.4,86.0,38.0,0.0,Rumor 2.0,7.3,4.5,6.8,97.8,21.7
sayuri,1.1,238.0,1.1,164.6,21.1,18.9,Stars Horizon Venus,92.7,72.4,97.0,26.1,79.3
scarn,1.0,213.2,1.1,140.8,26.8,15.4,Eclectiq,77.0,73.0,78.3,67.0,82.3
scby,1.1,216.0,1.1,128.7,20.0,0.0,JAMPA e-Sports,79.4,71.5,58.1,18.9,58.3
scottzinnn,0.7,174.8,0.8,121.8,22.2,9.8,QLQR 1,36.4,33.5,45.7,32.8,32.2
scourge,1.0,216.7,1.1,144.0,33.9,11.6,Complexity,80.3,76.8,82.9,93.3,93.6
sekyrA,1.0,266.0,1.1,168.0,18.0,0.0,E ISSO MEMO,98.4,79.7,98.0,10.5,78.8
seokJ,0.9,143.4,0.8,101.8,23.6,6.2,Straight Warfare,13.1,33.4,17.6,42.7,18.9
serg,0.5,140.0,0.5,94.0,36.0,0.0,onliners,11.8,8.9,11.3,96.4,25.9
serial,1.0,230.3,1.0,147.0,24.7,0.0,North Stars,89.1,62.4,87.0,51.5,80.3
serj,0.6,117.8,0.5,79.9,21.9,7.9,Tokyo Revengers,4.8,8.2,4.8,30.5,5.1
serulean,0.4,124.7,0.4,87.1,15.7,0.0,Nana's Biscuits,6.3,5.3,7.6,4.8,1.6
seven,1.1,222.2,1.2,139.6,18.6,20.2,TSM,84.3,87.3,76.3,12.3,69.4
severiNe,1.0,184.9,1.0,119.4,18.9,16.2,ONIC G,47.7,55.6,42.2,13.2,35.2
sh1vy,0.9,160.3,0.8,112.1,20.8,14.9,God Particles,23.5,33.5,31.0,23.4,20.2
shady,0.7,171.1,0.6,112.9,22.1,9.6,Asian Ravioli,33.0,18.5,31.8,32.5,21.4
shamson,0.9,206.3,0.9,134.0,15.3,8.0,Pulsar Red,70.5,46.7,67.4,4.0,44.8
shanee,1.2,228.0,1.3,158.0,25.0,0.0,Team Arrow,87.9,94.0,94.8,54.1,93.2
sharky,1.1,237.4,1.2,153.6,18.1,9.4,Gorilla Gang,92.4,81.4,92.3,10.9,75.8
sharper,0.8,207.0,0.8,131.0,18.0,0.0,Griffos E-Sports,71.0,37.8,62.3,10.5,42.5
shawn,1.0,159.6,1.0,113.3,21.4,14.2,BASILISK,22.6,59.2,32.7,27.6,30.1
shen,1.0,209.6,1.0,144.2,25.8,31.7,ONi,73.4,62.2,83.1,60.3,76.4
sherb,1.0,211.2,1.1,139.7,29.0,0.0,Crownless,75.0,70.1,76.4,78.4,84.1
sheydos,1.2,215.3,1.5,139.6,30.5,18.4,M3 Champions,78.6,97.9,76.2,84.6,94.2
shion,1.0,199.1,1.0,127.7,20.6,29.2,Liberty,63.1,64.8,56.2,22.1,50.3
sho,0.6,155.6,0.6,95.8,36.0,0.0,Tokyo Revengers,20.0,12.5,12.4,96.4,29.8
shonk,1.1,203.0,1.3,133.8,34.0,19.5,Soniqs,67.2,91.1,67.1,93.4,90.1
shooterR,1.1,256.4,1.4,160.8,34.4,8.0,Team Exploit,97.0,95.5,95.8,94.1,99.6
shot,0.4,106.0,0.3,74.7,7.3,0.0,Discord Kitties uwu,3.1,1.1,3.5,0.2,0.6
shoyo,0.3,106.0,0.3,75.0,26.0,0.0,Corn Dogs,3.1,1.6,3.6,61.7,9.2
shroud,0.9,161.7,0.7,104.5,35.8,13.4,Sentinels,24.2,29.7,20.4,96.1,39.1
shyz,0.9,179.1,0.9,110.0,21.0,29.8,Before,41.5,47.0,27.0,24.9,29.5
sickLy,0.8,182.0,0.9,116.0,30.0,0.0,FUSION,44.6,45.8,37.5,82.6,51.7
silentzz,1.2,243.0,1.5,160.1,30.9,20.4,ODDIK,94.4,98.0,95.7,85.8,99.2
silenx,0.7,153.5,0.7,96.2,39.0,13.8,Chapter 4,18.7,20.7,13.0,98.3,32.8
sinbad,0.8,165.4,0.8,113.4,14.1,0.0,Crash Landin on You,27.1,43.3,32.7,2.7,18.7
skillZ,1.1,204.5,1.3,132.9,26.3,23.1,Global Esports,68.8,92.5,65.3,63.6,80.4
skrawl,1.0,185.6,1.0,124.8,25.3,23.1,Bonkers,48.5,60.9,50.9,56.6,54.0
skuba,1.1,220.2,1.4,147.1,29.6,16.1,Knights,83.0,96.5,87.1,81.1,95.8
skye,0.8,137.9,0.7,86.6,19.5,26.4,No Namers,10.5,22.8,7.1,16.2,6.6
sloth,0.9,210.0,1.0,142.0,26.0,0.0,Zero MarksMen Black,73.9,62.4,80.3,61.7,76.1
smiley,0.9,176.2,0.9,119.9,27.8,5.8,Aspyre,38.4,45.7,42.7,72.1,47.7
snirot,1.1,243.9,1.2,157.1,26.6,11.2,Built By Gamers Academy,94.8,89.9,94.3,65.5,95.5
snw,1.2,236.3,1.4,151.2,21.9,8.7,ODDIK,91.9,96.9,90.5,30.4,87.2
snxper,1.1,217.6,1.3,140.5,30.6,16.0,VIRTUOSO,80.9,92.4,77.9,84.9,94.1
sogo,1.1,246.0,1.2,157.6,23.7,0.0,ValorsGG,95.3,81.8,94.4,43.0,88.5
solution,0.6,151.5,0.5,109.8,20.5,6.4,FUSION,17.4,8.7,26.7,21.7,10.1
something,0.9,208.4,0.9,131.6,16.1,16.9,Sengoku Gaming,72.2,52.4,63.2,5.7,46.1
sonder,0.9,200.2,0.8,132.8,17.8,25.9,Shopify Rebellion GC,64.6,42.1,65.1,9.7,42.5
sonho,0.8,158.0,0.7,107.0,29.0,0.0,The Last Dance,21.5,23.7,23.2,78.4,31.9
soojai,0.8,184.8,0.9,123.3,33.5,0.0,StarBound,47.6,48.5,48.4,92.6,61.6
soulM8,1.1,201.1,1.3,136.7,30.3,6.9,Team Exploit,65.8,90.3,72.4,83.8,88.0
soulcas,0.9,191.3,1.0,128.1,28.4,13.0,Team Liquid,54.0,58.3,56.9,75.5,64.7
spasz,1.1,198.0,1.4,130.9,34.8,21.3,Bomb Crypto,61.8,96.7,62.1,94.9,88.9
squirmor,0.6,151.8,0.6,98.9,20.6,6.7,Moonrise Black,17.5,16.0,15.3,22.4,9.5
starly,1.1,209.5,1.1,140.6,22.6,8.5,TradeLikePros,73.4,76.0,78.0,35.2,70.3
starxo,0.9,179.2,0.9,114.9,24.2,4.7,Acend,41.5,53.5,35.2,48.1,41.7
stax,1.1,192.3,1.2,125.1,35.6,23.9,DRX,55.1,88.6,51.5,96.0,81.0
stee,0.9,191.8,0.8,124.8,28.7,8.9,Rated Gaming,54.5,39.4,50.9,77.1,55.9
steel,1.0,207.8,1.1,139.6,21.3,13.7,T1,71.8,76.1,76.2,26.6,66.6
stellar,1.0,193.1,1.1,127.8,21.3,16.3,100 Thieves,56.1,78.1,56.4,26.7,54.3
stew,1.2,248.3,1.3,164.8,29.4,15.2,Lone Way E-SPORTS,95.7,94.1,97.0,80.3,98.4
stifler,0.9,232.0,0.9,143.0,49.0,0.0,Team Suits Gaming,90.0,44.5,81.7,99.8,89.1
stig,1.0,220.1,1.1,145.4,28.8,18.9,afterMath Esports,83.0,72.5,85.0,77.1,89.6
stormzin,0.8,177.2,0.8,115.9,25.2,0.0,Raiju,39.8,43.0,37.2,55.6,40.8
str0nda,1.3,292.0,1.5,190.3,32.8,18.1,Arca do Plato,99.6,97.6,99.7,90.9,99.8
strafe,0.6,126.9,0.5,86.7,33.3,0.0,DawN,6.8,9.7,7.3,92.1,21.5
streets,1.0,205.6,1.2,143.0,35.4,19.0,mozzy,69.8,83.2,81.7,95.8,93.1
strixx,1.0,208.0,1.2,136.5,23.0,12.5,Team 69,72.0,85.0,71.9,38.2,72.0
style,0.9,159.6,0.9,111.6,32.3,0.0,goth boy clique,22.5,55.1,29.9,89.6,47.3
sudal,0.5,128.2,0.4,91.0,14.2,18.8,Never Surrender,7.4,5.8,9.3,2.7,1.8
sufu,1.0,211.7,1.1,137.8,26.8,10.7,New Moon,75.5,71.1,73.8,66.9,79.2
supA,1.0,200.9,1.1,131.3,33.8,18.0,Big Baller Brand,65.3,70.7,62.7,93.1,81.3
supamen,1.1,193.1,1.3,128.3,33.7,22.3,FaZe Clan,56.2,90.6,57.3,92.8,83.0
supermonkey,0.8,197.8,0.8,131.5,22.9,12.5,Mach5,61.1,37.1,63.1,36.8,47.5
sutecas,1.2,210.3,1.3,138.0,29.5,6.7,ODDIK,74.1,91.5,74.1,80.5,90.4
suvas,0.6,176.0,0.6,120.0,15.3,20.0,UNB Green Owls,38.0,12.8,42.9,4.0,16.2
svL,1.1,209.5,1.2,139.6,20.9,33.3,Lenny Time,73.4,85.6,76.3,24.0,69.1
sw,1.1,237.3,1.2,155.8,27.5,10.8,doidera,92.3,83.4,93.4,70.7,94.9
swag,1.1,235.4,1.1,157.6,28.4,32.7,Team Vikings,91.5,79.5,94.4,75.7,95.0
sword9,1.1,183.4,1.3,120.1,19.3,8.0,KONE eSports Club,46.4,93.6,43.1,15.5,47.6
syfi,1.1,242.3,1.2,153.4,23.7,11.0,Cosmic Divide,94.3,82.1,92.2,43.3,87.8
sym,1.2,271.3,1.5,175.2,37.8,14.2,Nearest Airport,98.7,98.2,99.0,97.7,100.0
szk,1.1,216.3,1.2,142.8,23.2,25.9,SG e-Sports,79.7,81.3,81.4,40.1,77.4
t3xture,1.1,251.0,1.3,157.4,26.9,18.1,DAMWON Gaming,96.0,91.1,94.4,67.2,96.0
taeheeShelby,1.0,179.8,0.9,118.7,29.2,17.2,Kaiser Thane,42.0,53.9,41.3,79.3,53.8
taiga,0.8,164.9,0.7,105.9,19.1,12.0,Team Opulence Gold,26.9,22.3,21.9,14.8,12.8
takej,0.9,183.2,0.9,122.6,30.4,13.4,REJECT,46.2,54.2,46.9,84.4,59.8
tayhuhu,1.0,172.9,1.2,115.1,19.1,21.1,Before,34.4,86.9,35.9,14.9,39.6
tech,1.1,252.3,1.2,162.5,27.0,14.0,Big Baller Brand,96.5,89.8,96.5,67.8,96.5
tediousdeer2844,0.7,146.8,0.6,100.8,27.5,20.8,Tempest Gaming,14.9,17.0,16.8,70.7,22.7
tesseract,0.8,194.8,0.7,134.9,25.1,14.6,Action PH,58.2,29.8,68.7,55.2,52.3
tex,1.0,207.5,1.1,134.6,32.7,13.5,NRG Esports,71.5,75.1,68.4,90.6,85.9
thai,1.0,224.6,1.1,147.5,24.9,20.3,Desire Rising,85.9,77.5,87.4,53.1,85.4
thief,1.1,232.4,1.3,150.5,28.7,18.7,SoaR,90.2,93.4,89.9,76.8,96.4
thomas,0.8,192.0,0.8,126.0,32.0,0.0,nerd emoji,54.8,32.8,52.9,88.7,58.8
thwifo,1.1,201.9,1.4,136.2,25.2,13.3,T1,66.3,95.2,71.3,55.5,79.4
ting2k5,0.8,187.1,0.8,126.1,23.1,21.1,CERBERUS Esports,50.0,38.2,53.1,39.4,42.3
tixx,1.1,223.2,1.1,141.5,29.4,2.8,Bonkers,84.9,80.0,79.6,80.1,91.5
tockers,1.2,247.5,1.4,166.6,28.9,32.4,OIP,95.6,95.3,97.7,77.8,98.4
toezin,0.7,171.0,0.8,111.0,18.0,0.0,Team Brave Soldiers,32.6,37.8,29.0,10.5,19.5
tokyo,1.1,215.2,1.2,136.5,24.3,27.1,Moonrise,78.6,87.1,71.9,49.0,78.8
tone,0.8,141.1,0.7,91.8,24.2,14.6,Eclectiq,12.3,27.2,10.0,48.8,16.4
torq,0.8,173.0,0.7,112.0,22.7,0.0,JAMPA e-Sports,34.6,29.0,30.8,35.7,26.5
toxik,0.4,146.3,0.4,96.0,19.3,0.0,Moonrise Black,14.7,5.6,12.7,15.7,5.2
toy,0.8,174.0,0.8,114.0,25.0,0.0,7Krascent,35.7,34.1,33.9,54.1,34.9
tr1ck,0.7,185.0,0.7,119.0,22.0,0.0,Fear Legends,47.8,20.7,41.5,31.4,29.9
traNz,0.9,173.0,0.8,120.0,25.0,24.0,Fear Legends,34.6,37.3,42.9,54.1,38.6
trent,1.1,211.5,1.2,141.6,31.5,17.5,The Guard,75.2,89.1,79.6,87.5,93.2
trexx,1.1,224.9,1.2,148.7,21.7,19.3,Guild Esports,85.9,83.9,88.5,29.2,79.2
trick,1.0,197.7,0.9,107.0,15.0,27.7,doidera,60.9,52.2,23.2,3.5,29.3
trix,0.4,130.0,0.4,98.0,22.0,0.0,Moonrise Black,8.0,4.5,14.5,31.4,7.1
trunkZ,0.7,147.8,0.7,103.8,25.9,18.6,Archons,15.3,25.7,19.7,60.8,23.5
truo,1.0,186.8,1.3,123.8,32.7,15.1,Complexity,49.6,91.7,49.1,90.6,77.0
try minoxidil,0.8,162.0,0.7,95.0,29.0,15.3,Furnace e-sports,24.5,24.2,11.8,78.4,29.0
tryst,0.7,150.3,0.8,96.6,24.2,0.0,Team 69,16.8,41.1,13.2,48.0,22.5
tsu,1.1,236.1,1.1,150.8,21.4,19.4,puGG,91.9,80.2,90.2,27.1,79.9
ttvCavemanPWR,0.7,166.5,0.7,110.0,19.6,0.0,Run it Down,28.3,26.6,27.0,16.7,16.5
tupperware,0.9,229.0,0.9,152.7,22.0,7.7,Immortals,88.3,51.4,91.6,31.4,70.3
tuyz,1.0,217.1,1.1,134.9,25.3,5.2,TBK Esports,80.6,70.2,68.8,56.5,75.4
txddy,1.1,209.2,1.4,133.4,26.1,32.9,MIBR,73.1,97.3,66.5,63.0,84.1
tyfoon,1.0,200.2,1.1,135.5,18.8,13.5,Gorilla Gang,64.5,76.1,70.1,13.1,56.8
tylerboy,0.9,235.0,1.0,148.0,17.0,0.0,Strike X,91.3,58.1,87.9,7.5,64.6
tylo,0.7,152.3,0.7,106.1,26.4,16.2,Moonrise,17.9,26.2,22.2,64.3,26.7
tyti,1.0,220.6,1.0,147.0,21.8,14.8,Solstice Esports,83.3,65.6,87.0,30.2,71.6
tyzh,0.8,214.3,0.9,132.7,30.0,25.0,The Plain,77.9,45.0,65.0,82.6,73.3
tzin,1.1,216.1,1.2,137.9,26.4,16.8,4 ruim e 1 ruim,79.6,88.9,74.1,64.3,86.3
uNmyeong,0.9,176.8,0.8,120.2,18.5,31.8,18again,39.2,33.0,43.2,12.1,25.5
umzi,0.7,160.2,0.6,113.5,21.2,0.0,MEETWO,23.4,18.7,33.0,26.4,17.3
unae,0.8,152.9,0.7,103.9,24.4,4.7,AVESTA,18.3,24.0,19.8,49.9,20.5
unbeatable,1.1,210.8,1.3,144.7,21.6,37.0,BLC,74.6,92.5,83.9,28.7,76.7
uriel,0.8,211.0,0.7,142.6,29.6,8.2,Agoge Gaming,74.9,30.1,81.1,81.1,72.1
uzi,0.8,187.0,0.8,121.0,34.0,0.0,bolinha de golfe,49.8,36.5,44.5,93.6,57.0
v1c,1.1,221.3,1.2,148.0,25.2,24.6,SoaR,83.5,81.7,87.8,56.1,87.1
v1sion,0.8,161.6,0.7,110.9,25.7,26.3,TEN-5,24.1,29.5,28.8,59.4,30.0
v1xen,0.9,167.1,0.9,107.8,25.8,21.1,Ninjas In Pyjamas,29.0,54.4,24.3,59.7,38.1
vAyT,0.7,184.3,0.5,134.4,9.1,8.3,Aristocrats,47.0,10.5,68.0,0.4,25.0
vaiZ,1.0,188.7,1.0,128.6,26.8,7.0,LEVIATÁN,51.3,67.6,57.8,66.8,64.2
vakk,0.9,185.0,1.0,119.7,24.2,12.1,Acend,47.8,63.4,42.5,48.3,48.9
valyn,1.0,198.1,1.2,128.2,24.5,13.4,The Guard,61.9,81.1,57.1,50.7,66.7
vanity,1.0,197.5,1.0,122.4,13.9,12.4,Cloud9,60.7,66.1,46.5,2.0,40.7
vasperal,1.0,199.2,1.0,127.0,19.6,3.3,Dallas Vendetta,63.2,62.0,54.9,16.7,47.0
velcro,1.1,205.0,1.1,135.1,23.8,29.1,MLT Esports,69.4,74.6,69.3,44.2,68.6
velis,1.2,231.3,1.4,148.0,24.2,6.6,Resonate,89.6,96.2,88.0,48.8,91.0
veloo,0.8,216.8,0.9,145.6,28.6,29.8,Acacia,80.3,46.7,85.3,76.3,79.5
venture,1.1,190.6,1.2,127.2,18.7,6.2,Radiance,53.4,83.5,55.6,12.8,50.1
vett,1.0,222.0,1.1,142.3,34.4,28.0,Medellin,84.1,71.7,80.7,94.1,93.1
vexxey,0.4,132.0,0.4,87.0,18.0,,SYR,8.7,4.5,7.4,10.5,2.5
vhT,0.8,157.6,0.6,111.0,20.4,14.4,Alpha United,21.2,18.5,29.0,21.6,14.0
vhz,1.1,199.8,1.1,133.4,29.3,8.7,Tuzzy E-Sports,63.9,80.6,66.7,79.5,80.7
vibhoRR,1.0,204.2,1.1,132.6,23.9,22.2,Velocity Gaming,68.5,72.7,64.8,45.1,66.7
vice,1.1,211.6,1.3,139.2,25.6,11.4,Andbox,75.3,92.9,75.7,58.3,85.0
viness,0.8,165.6,0.8,113.2,23.5,14.4,CERBERUS Esports,27.3,32.5,32.3,41.7,27.8
vini,0.8,226.0,0.8,143.0,28.3,0.0,Furnace e-sports,86.6,43.1,81.7,74.9,78.8
vinizin,1.0,225.0,1.2,134.7,31.0,11.0,IRLV.GG,86.1,86.1,68.5,86.2,92.1
viperz4o,0.8,157.4,0.7,105.1,22.5,15.8,fake doi,21.1,27.1,21.2,34.8,18.0
visionvilly,0.8,133.0,0.7,91.0,26.0,0.0,Sussy,9.1,22.6,9.3,61.7,17.5
vital,1.0,167.1,1.1,115.0,25.6,37.1,Kowareta,29.0,69.6,35.6,58.3,45.9
vitrix,1.1,196.6,1.2,128.8,27.3,17.4,Bomb Crypto,59.8,83.9,58.5,69.6,73.7
vtrg0d,1.1,210.4,1.1,141.7,17.9,23.5,SG e-Sports,74.1,78.0,79.9,10.0,63.6
vxya,1.0,225.6,1.0,150.0,30.6,33.0,FaRt Clan,86.5,65.6,89.5,85.1,92.0
w0rldw1de,1.1,179.3,1.2,123.6,30.1,13.5,Moon Raccoons,41.6,81.5,48.8,83.0,68.0
wOBBS,1.0,198.3,1.5,127.4,19.2,13.2,UnitedERA,62.1,97.4,55.8,15.2,59.4
wannafly,1.1,217.6,1.1,143.3,23.1,18.8,Made in Thailand,81.0,80.3,82.1,39.2,77.4
wartz,0.8,176.8,0.7,114.1,27.8,26.1,The Plain,39.1,27.1,34.1,72.0,39.7
waved,0.4,120.3,0.4,80.7,40.3,0.0,Furnace e-sports,5.2,3.9,5.1,98.7,20.7
wavy,0.8,201.2,0.8,132.8,24.4,0.0,Hyperspace Dark,65.9,40.5,65.2,49.9,55.7
we1yan,0.8,51.0,0.8,29.0,67.0,0.0,Ghetto Artist,0.1,35.4,0.1,100.0,28.2
wedid,1.1,213.5,1.2,142.4,26.8,11.7,Skwirel Warriers,77.3,88.3,80.9,66.7,88.3
welyy,1.0,189.2,0.9,125.5,21.5,3.2,FYL,51.8,52.5,52.3,28.0,43.4
whathoney,0.8,173.3,0.8,115.7,14.0,13.7,SGA,35.0,33.9,37.0,2.3,19.1
whitr,0.9,215.7,0.7,126.7,45.0,0.0,UAESA Green,79.0,28.0,54.2,99.6,69.7
wilfps,1.0,235.1,1.0,153.9,24.4,13.2,Botafogo eSports,91.4,56.0,92.4,50.0,80.2
will,0.6,121.3,0.6,83.0,11.0,26.7,Crownless,5.5,13.0,5.6,0.8,1.7
willy,1.0,195.8,1.0,128.6,23.7,6.2,Aspyre,59.1,60.6,58.0,43.4,55.6
wippie,1.1,211.2,1.3,143.1,20.7,12.7,Version1,75.1,91.7,81.9,23.1,73.7
wisteria,0.7,143.0,0.6,96.7,29.3,0.0,FaRt Clan,13.0,17.1,13.3,79.8,24.0
witch,0.9,189.7,0.9,135.6,27.6,10.1,StarBound,52.3,45.2,70.2,71.0,62.1
wkd04,0.8,145.7,0.6,109.7,27.3,0.0,Strike X,14.0,17.7,26.6,69.9,25.8
woddy,1.2,223.8,1.3,152.8,38.9,9.9,REiGN,85.3,94.8,91.7,98.1,98.7
wondRRRR,0.8,150.5,0.8,96.2,17.5,8.3,Team 69,16.9,31.4,13.0,8.6,9.1
wounD,0.6,151.7,0.6,97.8,26.1,3.7,Able Esports,17.5,14.5,14.2,62.8,19.3
wraith,0.8,174.6,0.8,117.5,22.3,12.9,"Berzerkers, Kowareta",36.1,36.0,39.6,33.0,31.1
wrong,0.9,170.9,0.8,113.9,21.9,17.3,Team Reckaroo,32.3,40.5,33.7,30.3,28.5
wzL,1.1,226.7,1.2,150.6,25.2,2.5,3P eSports,87.0,87.8,90.0,56.0,90.6
xZyclon,0.7,138.1,0.7,94.2,25.8,0.0,Nightblood Gaming,11.0,21.9,11.4,59.8,18.0
xand,1.1,238.1,1.2,148.9,25.1,13.9,Ninjas In Pyjamas,92.7,81.3,88.6,54.8,89.6
xander,0.7,167.3,0.8,110.5,19.7,20.0,FUSION,29.0,36.2,28.2,17.1,19.9
xei,0.6,139.6,0.6,88.0,26.8,10.2,Eros,11.6,13.2,8.0,66.9,16.8
xeric,0.7,165.7,0.6,106.7,15.7,33.3,Dallas Vendetta,27.4,17.7,22.9,4.7,9.7
xeta,1.1,181.5,1.1,123.1,22.1,25.5,Cloud9,43.9,78.3,47.9,32.4,49.1
xfer,0.6,137.9,0.5,93.0,19.4,0.0,Nocturnals,10.5,8.9,10.7,15.9,4.6
xffero,1.0,203.4,1.1,135.9,27.7,16.4,BOOM Esports,67.5,74.3,70.6,71.8,78.1
xikaz,1.1,200.7,1.2,135.0,20.0,17.6,OIP,65.2,84.9,69.0,18.9,61.9
xing,0.6,145.7,0.5,91.7,30.7,20.7,Area of Effect,14.0,9.6,9.9,85.3,22.4
xnfri,1.0,194.3,1.1,130.6,26.1,12.4,NORTHEPTION,57.7,78.6,61.5,62.9,69.7
xpirit,0.8,220.3,0.9,137.1,20.4,0.0,Egnis.kr,83.1,45.2,73.1,21.6,56.2
xprt,1.2,198.5,1.5,130.8,27.1,24.3,Nearest Airport,62.3,98.4,61.9,68.3,80.8
xqReaper,1.0,223.3,1.0,145.5,25.1,21.2,Zenigma Alpha,85.1,64.6,85.2,55.0,80.2
y0s,1.1,193.2,1.0,123.8,24.7,16.0,Veni Vidi Vici,56.2,58.7,49.2,51.5,53.6
yTao,0.9,182.2,0.9,116.6,16.1,10.5,Ghetto Artist,45.0,46.2,38.3,5.6,28.2
yaTo,1.0,197.7,1.0,135.0,16.7,32.7,Akuma Team,60.9,62.4,69.0,6.6,47.9
yay,1.2,247.5,1.4,157.6,25.4,10.6,OpTic Gaming,95.6,95.8,94.5,57.4,95.4
yaz,0.8,196.9,0.8,140.4,22.6,0.0,TEN-5,60.1,33.3,77.8,35.2,50.3
yeowo,0.7,151.0,0.5,102.3,18.7,0.0,GodGamers,17.2,10.5,18.3,12.6,7.2
yiinel,0.8,170.3,0.8,124.0,30.0,100.0,Strike X,31.9,38.3,49.6,82.6,49.1
yoman,1.1,211.9,1.3,131.7,24.3,17.7,Next eSports,75.7,94.7,63.4,48.9,77.6
yon,1.0,195.0,0.9,115.7,25.4,32.7,Amigos do Pitoco,58.4,53.8,37.0,57.7,50.4
yongled,0.8,180.3,0.9,115.4,32.6,8.1,HypeHorizen,42.7,49.9,36.3,90.3,55.1
youngzeraaa,1.3,297.0,1.6,185.0,29.7,2.9,Looking for Contract,99.7,98.9,99.5,81.5,99.5
youpat,0.8,181.1,0.8,120.7,24.4,2.7,Team Inv,43.6,35.8,44.1,50.0,40.1
ysk,0.7,160.2,0.7,107.6,31.1,16.2,Free Fall,23.3,26.9,24.1,86.7,35.9
yukiyo,0.4,130.6,0.5,89.3,23.6,0.0,Team Opulence Black,8.2,6.7,8.6,42.3,8.5
yung calculator,1.0,202.1,1.0,133.3,26.2,0.0,Eclectiq,66.6,61.2,66.3,63.1,68.6
yuta,1.1,234.0,1.1,155.0,22.0,28.0,Made in Roblox,90.8,76.4,93.0,31.4,81.2
zIppA,1.4,342.0,1.8,225.7,25.0,23.3,m.eS Revolutionary Gamers,100.0,99.5,100.0,54.1,96.9
zakkv,0.9,187.9,0.9,130.1,21.5,19.0,Galaxy Carrots,50.5,49.5,60.5,27.9,44.6
zam,0.8,169.0,0.7,132.0,22.0,0.0,Q CALOR E ESSE,30.4,25.0,64.0,31.4,32.9
zander,1.1,214.8,1.2,137.6,28.2,25.9,Version1,78.2,89.9,73.6,74.3,89.1
zaninZS,1.0,186.3,1.1,118.6,31.0,41.2,EXODIA,49.4,80.8,41.1,86.6,68.8
zaryab,0.6,131.0,0.5,82.3,20.3,0.0,Team Exploit,8.3,8.9,5.4,20.9,4.2
zeddy,1.0,197.6,0.9,127.0,25.2,0.0,Natus Vincere,60.7,50.1,55.0,55.8,55.8
zeek,0.9,197.9,0.9,121.9,18.7,18.5,goth boy clique,61.3,51.0,46.0,12.8,39.3
zeez,0.8,177.8,0.7,114.5,16.8,0.0,Nameless Esports,40.3,23.0,34.7,6.9,18.3
zekei,1.4,274.3,1.5,177.9,23.1,38.8,Vexo Esports,99.0,98.5,99.1,39.7,94.1
zekken,1.1,229.2,1.2,151.2,23.2,10.8,XSET,88.5,85.1,90.6,40.2,85.5
zeldris,1.2,278.4,1.4,171.3,25.9,10.8,Moon Raccoons,99.1,97.1,98.6,60.6,97.3
zepher,0.9,182.9,0.9,118.0,21.0,17.6,REJECT,45.9,55.0,40.2,24.1,37.6
zer0grav1ty,1.0,237.0,1.1,146.7,29.0,0.0,ONI,92.2,71.0,86.5,78.4,92.5
zid,1.0,227.8,1.0,152.8,32.2,0.0,Carpe Noctem,87.7,65.9,91.7,89.4,93.9
zill,1.0,184.7,1.1,128.0,23.9,24.0,Exotic,47.4,70.9,56.7,44.7,55.2
zneel,0.8,155.4,0.7,108.6,17.0,7.9,Everyone's Nemesis,19.9,29.7,25.4,7.5,12.0
zoady,0.8,168.0,0.8,110.8,29.2,8.9,Illumina Blue,29.7,34.4,28.7,79.1,39.5
zoloCRAZY,1.0,196.2,1.2,126.2,34.8,27.2,Exceeli Esports,59.5,87.9,53.3,94.7,82.4
zombs,0.8,169.3,0.7,113.5,22.7,4.7,Sentinels,30.6,29.3,33.0,35.5,25.9
zondA,0.2,52.0,0.1,44.0,17.0,0.0,W Streak Esports,0.1,0.1,0.3,7.5,0.7
zoro,0.8,151.0,0.6,107.0,23.0,7.7,Amigos do Pitoco,17.2,19.3,23.2,38.2,16.1
zunba,1.1,198.7,1.3,128.9,29.5,17.6,Incheon On Sla2ers,62.5,94.9,58.7,80.5,82.7
に彡彡れ,1.0,213.0,1.0,144.3,17.7,13.0,Vx,76.8,58.2,83.3,9.2,58.0
강현아,0.5,141.7,0.4,103.3,13.3,0.0,nice try,12.4,5.1,19.3,1.7,3.4
거 도구좀 합시다,0.7,166.4,0.8,109.4,15.0,18.0,LEVEL UP,28.2,30.5,26.3,3.5,13.5
공차노,1.0,198.0,1.0,130.0,25.0,0.0,Alpha Six Gaming,61.6,57.0,60.3,54.1,60.1
김소영사탕도둑,0.8,177.0,0.8,115.0,29.7,18.0,Never Miss,39.4,31.6,35.6,81.3,44.5
김화닥,1.0,197.9,1.1,130.9,21.4,23.5,King's Man,61.3,77.1,62.0,27.1,58.0
나는 말로 안해,1.0,254.5,1.1,161.1,21.2,28.6,Team Inv,96.7,80.9,96.0,26.4,84.3
너랑 바라본,0.8,198.8,0.8,126.0,24.8,0.0,miracle victory,62.6,36.7,52.9,52.2,49.7
다람좌,0.9,226.8,1.0,148.2,15.6,0.0,Imaginary Savior,87.1,56.1,88.2,4.5,61.1
단하나,0.8,194.0,0.9,128.7,23.8,12.2,MCC,57.2,43.6,58.1,44.5,49.4
당근마켓사기경력23회,1.1,243.5,1.2,161.9,32.0,14.5,miracle victory,94.7,88.2,96.2,88.7,98.5
도내초절정S급쿨뷰티미녀,1.1,219.5,1.1,136.8,26.2,15.7,Team Rocket,82.6,78.6,72.5,63.0,82.9
또잉또,0.6,154.2,0.6,102.6,16.0,0.0,No Smoke,19.2,13.6,18.4,5.2,6.5
비둘기 박,1.1,223.9,1.2,149.0,36.6,6.2,miracle victory,85.4,83.3,88.8,96.9,97.0
상 종,1.0,181.5,1.1,120.3,27.2,21.3,King's Man,43.9,75.0,43.5,69.0,59.7
심신미약,0.7,199.8,0.8,123.2,14.5,7.0,PC,63.6,40.7,48.2,3.0,34.2
왕구름,0.6,160.0,0.6,111.0,24.5,0.0,No Smoke,23.0,19.0,29.0,50.4,23.4
이제중학생 잼민이탈출,1.0,195.3,0.9,139.0,25.0,10.0,Alpha Six Gaming,58.8,54.0,75.4,54.1,63.6
이토히로부비부빗,1.0,182.7,1.0,120.6,29.3,10.9,Team T5,45.6,66.7,43.8,80.0,61.3
인간은 변하지 않아,0.9,182.6,0.8,117.6,18.0,3.3,Lone Way E-SPORTS,45.5,43.1,39.8,10.5,29.0
저 아빠 있어요,0.6,154.0,0.6,106.0,29.0,0.0,Never Surrender,19.0,14.2,22.0,78.4,27.6
준또바기,0.6,138.0,0.6,99.0,16.3,6.3,PC,10.8,16.3,15.4,6.0,5.1
준바의 자리를 탐하는자,1.0,190.0,1.0,122.3,22.3,14.0,MCC,52.8,61.3,46.4,33.6,46.2
칙칙폭폭제임스,1.0,204.9,0.9,139.2,22.9,7.8,Team T5,69.3,52.0,75.7,36.7,60.5
카스티엘,0.8,191.4,0.8,123.3,24.1,10.6,HotSauCe,54.2,32.6,48.3,47.8,43.1
트위치프로지망생사탄,0.8,201.7,0.8,122.3,36.3,0.0,Never Surrender,66.2,39.2,46.4,96.7,65.8
